# OBJ generated by ONSHAPE BY PTC INC, 1.206 Units = meters
mtllib gelsight_mount.mtl
g Part 4
v 0.0328448 0.0347055 0 
v 0.0328325 0.0349325 0 
v 0.0328325 0.0349325 0.00213 
v 0.0328816 0.0344811 0 
v 0.0328448 0.0347055 0.00213 
v 0.0329424 0.034262 0 
v 0.0328816 0.0344811 0.00213 
v 0.0330266 0.0340507 0 
v 0.0329424 0.034262 0.00213 
v 0.0331331 0.0338498 0 
v 0.0330266 0.0340507 0.00213 
v 0.0332607 0.0336616 0 
v 0.0331331 0.0338498 0.00213 
v 0.0334079 0.0334883 0 
v 0.0332607 0.0336616 0.00213 
v 0.033573 0.033332 0 
v 0.0334079 0.0334883 0.00213 
v 0.033754 0.0331944 0 
v 0.033573 0.033332 0.00213 
v 0.0339488 0.0330771 0 
v 0.033754 0.0331944 0.00213 
v 0.0341552 0.0329816 0 
v 0.0339488 0.0330771 0.00213 
v 0.0343707 0.032909 0 
v 0.0341552 0.0329816 0.00213 
v 0.0345928 0.0328602 0 
v 0.0343707 0.032909 0.00213 
v 0.0348188 0.0328356 0 
v 0.0345928 0.0328602 0.00213 
v 0.0350462 0.0328356 0 
v 0.0348188 0.0328356 0.00213 
v 0.0352722 0.0328602 0 
v 0.0350462 0.0328356 0.00213 
v 0.0354943 0.032909 0 
v 0.0352722 0.0328602 0.00213 
v 0.0357098 0.0329816 0 
v 0.0354943 0.032909 0.00213 
v 0.0359162 0.0330771 0 
v 0.0357098 0.0329816 0.00213 
v 0.036111 0.0331944 0 
v 0.0359162 0.0330771 0.00213 
v 0.036292 0.033332 0 
v 0.036111 0.0331944 0.00213 
v 0.0364571 0.0334883 0 
v 0.036292 0.033332 0.00213 
v 0.0366043 0.0336616 0 
v 0.0364571 0.0334883 0.00213 
v 0.0367319 0.0338498 0 
v 0.0366043 0.0336616 0.00213 
v 0.0368384 0.0340507 0 
v 0.0367319 0.0338498 0.00213 
v 0.0369226 0.034262 0 
v 0.0368384 0.0340507 0.00213 
v 0.0369834 0.0344811 0 
v 0.0369226 0.034262 0.00213 
v 0.0370202 0.0347055 0 
v 0.0369834 0.0344811 0.00213 
v 0.0370325 0.0349325 0 
v 0.0370202 0.0347055 0.00213 
v 0.0370202 0.0351595 0 
v 0.0370325 0.0349325 0.00213 
v 0.0369834 0.0353839 0 
v 0.0370202 0.0351595 0.00213 
v 0.0369226 0.035603 0 
v 0.0369834 0.0353839 0.00213 
v 0.0368384 0.0358143 0 
v 0.0369226 0.035603 0.00213 
v 0.0367319 0.0360152 0 
v 0.0368384 0.0358143 0.00213 
v 0.0366043 0.0362034 0 
v 0.0367319 0.0360152 0.00213 
v 0.0364571 0.0363767 0 
v 0.0366043 0.0362034 0.00213 
v 0.036292 0.036533 0 
v 0.0364571 0.0363767 0.00213 
v 0.036111 0.0366706 0 
v 0.036292 0.036533 0.00213 
v 0.0359162 0.0367879 0 
v 0.036111 0.0366706 0.00213 
v 0.0357098 0.0368834 0 
v 0.0359162 0.0367879 0.00213 
v 0.0354943 0.036956 0 
v 0.0357098 0.0368834 0.00213 
v 0.0352722 0.0370048 0 
v 0.0354943 0.036956 0.00213 
v 0.0350462 0.0370294 0 
v 0.0352722 0.0370048 0.00213 
v 0.0348188 0.0370294 0 
v 0.0350462 0.0370294 0.00213 
v 0.0345928 0.0370048 0 
v 0.0348188 0.0370294 0.00213 
v 0.0343707 0.036956 0 
v 0.0345928 0.0370048 0.00213 
v 0.0341552 0.0368834 0 
v 0.0343707 0.036956 0.00213 
v 0.0339488 0.0367879 0 
v 0.0341552 0.0368834 0.00213 
v 0.033754 0.0366706 0 
v 0.0339488 0.0367879 0.00213 
v 0.033573 0.036533 0 
v 0.033754 0.0366706 0.00213 
v 0.0334079 0.0363767 0 
v 0.033573 0.036533 0.00213 
v 0.0332607 0.0362034 0 
v 0.0334079 0.0363767 0.00213 
v 0.0331331 0.0360152 0 
v 0.0332607 0.0362034 0.00213 
v 0.0330266 0.0358143 0 
v 0.0331331 0.0360152 0.00213 
v 0.0329424 0.035603 0 
v 0.0330266 0.0358143 0.00213 
v 0.0328816 0.0353839 0 
v 0.0329424 0.035603 0.00213 
v 0.0328448 0.0351595 0 
v 0.0328816 0.0353839 0.00213 
v 0.0328448 0.0351595 0.00213 
v 0.0351224 0.0384349 0.00213 
v 0.0347426 0.0384349 0.00213 
v 0.0377248 0.0370551 0.00213 
v 0.0374789 0.0373446 0.00213 
v 0.0372032 0.0376058 0.00213 
v 0.0369009 0.0378356 0.00213 
v 0.0358709 0.0383122 0.00213 
v 0.0355 0.0383938 0.00213 
v 0.034365 0.0383938 0.00213 
v 0.0347426 0.0314301 0.00213 
v 0.0351224 0.0314301 0.00213 
v 0.0365754 0.0380314 0.00213 
v 0.0362308 0.0381909 0.00213 
v 0.0339941 0.0383122 0.00213 
v 0.0336342 0.0381909 0.00213 
v 0.0326618 0.0376058 0.00213 
v 0.0323861 0.0373446 0.00213 
v 0.0321402 0.0370551 0.00213 
v 0.0319271 0.0367408 0.00213 
v 0.031425 0.0349325 0.00213 
v 0.0314456 0.0345533 0.00213 
v 0.0339941 0.0315528 0.00213 
v 0.034365 0.0314712 0.00213 
v 0.0355 0.0314712 0.00213 
v 0.0381158 0.0364053 0.00213 
v 0.0379379 0.0367408 0.00213 
v 0.0332896 0.0380314 0.00213 
v 0.0329641 0.0378356 0.00213 
v 0.0317492 0.0364053 0.00213 
v 0.0316086 0.0360525 0.00213 
v 0.0314456 0.0353117 0.00213 
v 0.0358709 0.0315528 0.00213 
v 0.0362308 0.0316741 0.00213 
v 0.0365754 0.0318336 0.00213 
v 0.0369009 0.0320294 0.00213 
v 0.03844 0.0349325 0.00213 
v 0.0384194 0.0353117 0.00213 
v 0.038358 0.0356865 0.00213 
v 0.0382564 0.0360525 0.00213 
v 0.031507 0.0356865 0.00213 
v 0.031507 0.0341785 0.00213 
v 0.0317492 0.0334597 0.00213 
v 0.0319271 0.0331242 0.00213 
v 0.0372032 0.0322592 0.00213 
v 0.0374789 0.0325204 0.00213 
v 0.0377248 0.0328099 0.00213 
v 0.0381158 0.0334597 0.00213 
v 0.0382564 0.0338125 0.00213 
v 0.0316086 0.0338125 0.00213 
v 0.0379379 0.0331242 0.00213 
v 0.038358 0.0341785 0.00213 
v 0.0384194 0.0345533 0.00213 
v 0.0321402 0.0328099 0.00213 
v 0.0323861 0.0325204 0.00213 
v 0.0326618 0.0322592 0.00213 
v 0.0329641 0.0320294 0.00213 
v 0.0332896 0.0318336 0.00213 
v 0.0336342 0.0316741 0.00213 
v 0.031425 0.0349325 0 
v 0.0314456 0.0353117 0 
v 0.031507 0.0356865 0 
v 0.0316086 0.0360525 0 
v 0.0317492 0.0364053 0 
v 0.0319271 0.0367408 0 
v 0.0321402 0.0370551 0 
v 0.0323861 0.0373446 0 
v 0.0326618 0.0376058 0 
v 0.0329641 0.0378356 0 
v 0.0332896 0.0380314 0 
v 0.0336342 0.0381909 0 
v 0.0339941 0.0383122 0 
v 0.034365 0.0383938 0 
v 0.0347426 0.0384349 0 
v 0.0351224 0.0384349 0 
v 0.0355 0.0383938 0 
v 0.0358709 0.0383122 0 
v 0.0362308 0.0381909 0 
v 0.0365754 0.0380314 0 
v 0.0369009 0.0378356 0 
v 0.0372032 0.0376058 0 
v 0.0374789 0.0373446 0 
v 0.0377248 0.0370551 0 
v 0.0379379 0.0367408 0 
v 0.0381158 0.0364053 0 
v 0.0382564 0.0360525 0 
v 0.038358 0.0356865 0 
v 0.0384194 0.0353117 0 
v 0.03844 0.0349325 0 
v 0.0384194 0.0345533 0 
v 0.038358 0.0341785 0 
v 0.0382564 0.0338125 0 
v 0.0381158 0.0334597 0 
v 0.0379379 0.0331242 0 
v 0.0377248 0.0328099 0 
v 0.0374789 0.0325204 0 
v 0.0372032 0.0322592 0 
v 0.0369009 0.0320294 0 
v 0.0365754 0.0318336 0 
v 0.0362308 0.0316741 0 
v 0.0358709 0.0315528 0 
v 0.0355 0.0314712 0 
v 0.0351224 0.0314301 0 
v 0.0347426 0.0314301 0 
v 0.034365 0.0314712 0 
v 0.0339941 0.0315528 0 
v 0.0336342 0.0316741 0 
v 0.0332896 0.0318336 0 
v 0.0329641 0.0320294 0 
v 0.0326618 0.0322592 0 
v 0.0323861 0.0325204 0 
v 0.0321402 0.0328099 0 
v 0.0319271 0.0331242 0 
v 0.0317492 0.0334597 0 
v 0.0316086 0.0338125 0 
v 0.031507 0.0341785 0 
v 0.0314456 0.0345533 0 
vn 0.994138 0.108119 0 
vn 1 2.44929e-16 0 
vn 0.976621 0.21497 0 
vn 0.994138 0.108119 0 
vn 0.947653 0.319302 0 
vn 0.976621 0.21497 0 
vn 0.907575 0.419889 0 
vn 0.947653 0.319302 0 
vn 0.856857 0.515554 0 
vn 0.907575 0.419889 0 
vn 0.796093 0.605174 0 
vn 0.856857 0.515554 0 
vn 0.725995 0.687699 0 
vn 0.796093 0.605174 0 
vn 0.647386 0.762162 0 
vn 0.725995 0.687699 0 
vn 0.561187 0.827689 0 
vn 0.647386 0.762162 0 
vn 0.468408 0.883512 0 
vn 0.561187 0.827689 0 
vn 0.370138 0.928977 0 
vn 0.468408 0.883512 0 
vn 0.267528 0.96355 0 
vn 0.370138 0.928977 0 
vn 0.161782 0.986827 0 
vn 0.267528 0.96355 0 
vn 0.0541389 0.998533 0 
vn 0.161782 0.986827 0 
vn -0.0541389 0.998533 0 
vn 0.0541389 0.998533 0 
vn -0.161782 0.986827 0 
vn -0.0541389 0.998533 0 
vn -0.267528 0.96355 0 
vn -0.161782 0.986827 0 
vn -0.370138 0.928977 0 
vn -0.267528 0.96355 0 
vn -0.468408 0.883512 0 
vn -0.370138 0.928977 0 
vn -0.561187 0.827689 0 
vn -0.468408 0.883512 0 
vn -0.647386 0.762162 0 
vn -0.561187 0.827689 0 
vn -0.725995 0.687699 0 
vn -0.647386 0.762162 0 
vn -0.796093 0.605174 0 
vn -0.725995 0.687699 0 
vn -0.856857 0.515554 0 
vn -0.796093 0.605174 0 
vn -0.907575 0.419889 0 
vn -0.856857 0.515554 0 
vn -0.947653 0.319302 0 
vn -0.907575 0.419889 0 
vn -0.976621 0.21497 0 
vn -0.947653 0.319302 0 
vn -0.994138 0.108119 0 
vn -0.976621 0.21497 0 
vn -1 -1.22465e-16 0 
vn -0.994138 0.108119 0 
vn -0.994138 -0.108119 0 
vn -1 -1.22465e-16 0 
vn -0.976621 -0.21497 0 
vn -0.994138 -0.108119 0 
vn -0.947653 -0.319302 0 
vn -0.976621 -0.21497 0 
vn -0.907575 -0.419889 0 
vn -0.947653 -0.319302 0 
vn -0.856857 -0.515554 0 
vn -0.907575 -0.419889 0 
vn -0.796093 -0.605174 0 
vn -0.856857 -0.515554 0 
vn -0.725995 -0.687699 0 
vn -0.796093 -0.605174 0 
vn -0.647386 -0.762162 0 
vn -0.725995 -0.687699 0 
vn -0.561187 -0.827689 0 
vn -0.647386 -0.762162 0 
vn -0.468408 -0.883512 0 
vn -0.561187 -0.827689 0 
vn -0.370138 -0.928977 0 
vn -0.468408 -0.883512 0 
vn -0.267528 -0.96355 0 
vn -0.370138 -0.928977 0 
vn -0.161782 -0.986827 0 
vn -0.267528 -0.96355 0 
vn -0.0541389 -0.998533 0 
vn -0.161782 -0.986827 0 
vn 0.0541389 -0.998533 0 
vn -0.0541389 -0.998533 0 
vn 0.161782 -0.986827 0 
vn 0.0541389 -0.998533 0 
vn 0.267528 -0.96355 0 
vn 0.161782 -0.986827 0 
vn 0.370138 -0.928977 0 
vn 0.267528 -0.96355 0 
vn 0.468408 -0.883512 0 
vn 0.370138 -0.928977 0 
vn 0.561187 -0.827689 0 
vn 0.468408 -0.883512 0 
vn 0.647386 -0.762162 0 
vn 0.561187 -0.827689 0 
vn 0.725995 -0.687699 0 
vn 0.647386 -0.762162 0 
vn 0.796093 -0.605174 0 
vn 0.725995 -0.687699 0 
vn 0.856857 -0.515554 0 
vn 0.796093 -0.605174 0 
vn 0.907575 -0.419889 0 
vn 0.856857 -0.515554 0 
vn 0.947653 -0.319302 0 
vn 0.907575 -0.419889 0 
vn 0.976621 -0.21497 0 
vn 0.947653 -0.319302 0 
vn 0.994138 -0.108119 0 
vn 0.976621 -0.21497 0 
vn 0 0 1 
vn -1 0 0 
vn -0.994138 0.108119 0 
vn -0.976621 0.21497 0 
vn -0.947653 0.319302 0 
vn -0.907575 0.419889 0 
vn -0.856857 0.515554 0 
vn -0.796093 0.605174 0 
vn -0.725995 0.687699 0 
vn -0.647386 0.762162 0 
vn -0.561187 0.827689 0 
vn -0.468408 0.883512 0 
vn -0.370138 0.928977 0 
vn -0.267528 0.96355 0 
vn -0.161782 0.986827 0 
vn -0.0541389 0.998533 0 
vn 0.0541389 0.998533 0 
vn 0.161782 0.986827 0 
vn 0.267528 0.96355 0 
vn 0.370138 0.928977 0 
vn 0.468408 0.883512 0 
vn 0.561187 0.827689 0 
vn 0.647386 0.762162 0 
vn 0.725995 0.687699 0 
vn 0.796093 0.605174 0 
vn 0.856857 0.515554 0 
vn 0.907575 0.419889 0 
vn 0.947653 0.319302 0 
vn 0.976621 0.21497 0 
vn 0.994138 0.108119 0 
vn 1 1.22465e-16 0 
vn 0.994138 -0.108119 0 
vn 0.976621 -0.21497 0 
vn 0.947653 -0.319302 0 
vn 0.907575 -0.419889 0 
vn 0.856857 -0.515554 0 
vn 0.796093 -0.605174 0 
vn 0.725995 -0.687699 0 
vn 0.647386 -0.762162 0 
vn 0.561187 -0.827689 0 
vn 0.468408 -0.883512 0 
vn 0.370138 -0.928977 0 
vn 0.267528 -0.96355 0 
vn 0.161782 -0.986827 0 
vn 0.0541389 -0.998533 0 
vn -0.0541389 -0.998533 0 
vn -0.161782 -0.986827 0 
vn -0.267528 -0.96355 0 
vn -0.370138 -0.928977 0 
vn -0.468408 -0.883512 0 
vn -0.561187 -0.827689 0 
vn -0.647386 -0.762162 0 
vn -0.725995 -0.687699 0 
vn -0.796093 -0.605174 0 
vn -0.856857 -0.515554 0 
vn -0.907575 -0.419889 0 
vn -0.947653 -0.319302 0 
vn -0.976621 -0.21497 0 
vn -0.994138 -0.108119 0 
vn 0 0 -1 
usemtl 0.917647_0.917647_0.917647_0.000000_0.000000
o mesh0
f 1//1 2//2 3//2 
f 4//3 1//1 5//4 
f 6//5 4//3 7//6 
f 8//7 6//5 9//8 
f 10//9 8//7 11//10 
f 12//11 10//9 13//12 
f 14//13 12//11 15//14 
f 16//15 14//13 17//16 
f 18//17 16//15 19//18 
f 20//19 18//17 21//20 
f 22//21 20//19 23//22 
f 24//23 22//21 25//24 
f 26//25 24//23 27//26 
f 28//27 26//25 29//28 
f 30//29 28//27 31//30 
f 32//31 30//29 33//32 
f 34//33 32//31 35//34 
f 36//35 34//33 37//36 
f 38//37 36//35 39//38 
f 40//39 38//37 41//40 
f 42//41 40//39 43//42 
f 44//43 42//41 45//44 
f 46//45 44//43 47//46 
f 48//47 46//45 49//48 
f 50//49 48//47 51//50 
f 52//51 50//49 53//52 
f 54//53 52//51 55//54 
f 56//55 54//53 57//56 
f 58//57 56//55 59//58 
f 60//59 58//57 61//60 
f 62//61 60//59 63//62 
f 64//63 62//61 65//64 
f 66//65 64//63 67//66 
f 68//67 66//65 69//68 
f 70//69 68//67 71//70 
f 72//71 70//69 73//72 
f 74//73 72//71 75//74 
f 76//75 74//73 77//76 
f 78//77 76//75 79//78 
f 80//79 78//77 81//80 
f 82//81 80//79 83//82 
f 84//83 82//81 85//84 
f 86//85 84//83 87//86 
f 88//87 86//85 89//88 
f 90//89 88//87 91//90 
f 92//91 90//89 93//92 
f 94//93 92//91 95//94 
f 96//95 94//93 97//96 
f 98//97 96//95 99//98 
f 100//99 98//97 101//100 
f 102//101 100//99 103//102 
f 104//103 102//101 105//104 
f 106//105 104//103 107//106 
f 108//107 106//105 109//108 
f 110//109 108//107 111//110 
f 112//111 110//109 113//112 
f 114//113 112//111 115//114 
f 2//2 114//113 116//113 
f 116//113 3//2 2//2 
f 115//114 116//113 114//113 
f 113//112 115//114 112//111 
f 111//110 113//112 110//109 
f 109//108 111//110 108//107 
f 107//106 109//108 106//105 
f 105//104 107//106 104//103 
f 103//102 105//104 102//101 
f 101//100 103//102 100//99 
f 99//98 101//100 98//97 
f 97//96 99//98 96//95 
f 95//94 97//96 94//93 
f 93//92 95//94 92//91 
f 91//90 93//92 90//89 
f 89//88 91//90 88//87 
f 87//86 89//88 86//85 
f 85//84 87//86 84//83 
f 83//82 85//84 82//81 
f 81//80 83//82 80//79 
f 79//78 81//80 78//77 
f 77//76 79//78 76//75 
f 75//74 77//76 74//73 
f 73//72 75//74 72//71 
f 71//70 73//72 70//69 
f 69//68 71//70 68//67 
f 67//66 69//68 66//65 
f 65//64 67//66 64//63 
f 63//62 65//64 62//61 
f 61//60 63//62 60//59 
f 59//58 61//60 58//57 
f 57//56 59//58 56//55 
f 55//54 57//56 54//53 
f 53//52 55//54 52//51 
f 51//50 53//52 50//49 
f 49//48 51//50 48//47 
f 47//46 49//48 46//45 
f 45//44 47//46 44//43 
f 43//42 45//44 42//41 
f 41//40 43//42 40//39 
f 39//38 41//40 38//37 
f 37//36 39//38 36//35 
f 35//34 37//36 34//33 
f 33//32 35//34 32//31 
f 31//30 33//32 30//29 
f 29//28 31//30 28//27 
f 27//26 29//28 26//25 
f 25//24 27//26 24//23 
f 23//22 25//24 22//21 
f 21//20 23//22 20//19 
f 19//18 21//20 18//17 
f 17//16 19//18 16//15 
f 15//14 17//16 14//13 
f 13//12 15//14 12//11 
f 11//10 13//12 10//9 
f 9//8 11//10 8//7 
f 7//6 9//8 6//5 
f 5//4 7//6 4//3 
f 3//2 5//4 1//1 
o mesh1
f 117//115 89//115 87//115 
f 117//115 118//115 91//115 
f 119//115 73//115 71//115 
f 119//115 120//115 75//115 
f 120//115 121//115 77//115 
f 121//115 122//115 79//115 
f 123//115 85//115 83//115 
f 123//115 124//115 87//115 
f 91//115 89//115 117//115 
f 118//115 125//115 93//115 
f 126//115 31//115 29//115 
f 126//115 127//115 33//115 
f 75//115 73//115 119//115 
f 79//115 77//115 121//115 
f 128//115 81//115 79//115 
f 128//115 129//115 83//115 
f 87//115 85//115 123//115 
f 93//115 91//115 118//115 
f 130//115 95//115 93//115 
f 130//115 131//115 97//115 
f 132//115 103//115 101//115 
f 133//115 105//115 103//115 
f 134//115 107//115 105//115 
f 134//115 135//115 109//115 
f 136//115 3//115 116//115 
f 136//115 137//115 5//115 
f 138//115 27//115 25//115 
f 138//115 139//115 29//115 
f 33//115 31//115 126//115 
f 127//115 140//115 35//115 
f 141//115 69//115 67//115 
f 141//115 142//115 71//115 
f 77//115 75//115 120//115 
f 83//115 81//115 128//115 
f 87//115 124//115 117//115 
f 97//115 95//115 130//115 
f 143//115 99//115 97//115 
f 143//115 144//115 101//115 
f 103//115 132//115 133//115 
f 109//115 107//115 134//115 
f 145//115 111//115 109//115 
f 145//115 146//115 113//115 
f 147//115 116//115 115//115 
f 5//115 3//115 136//115 
f 29//115 27//115 138//115 
f 35//115 33//115 127//115 
f 148//115 37//115 35//115 
f 148//115 149//115 39//115 
f 150//115 41//115 39//115 
f 150//115 151//115 43//115 
f 152//115 153//115 63//115 
f 153//115 154//115 65//115 
f 155//115 67//115 65//115 
f 71//115 69//115 141//115 
f 79//115 122//115 128//115 
f 93//115 125//115 130//115 
f 101//115 99//115 143//115 
f 105//115 133//115 134//115 
f 113//115 111//115 145//115 
f 146//115 156//115 115//115 
f 116//115 147//115 136//115 
f 137//115 157//115 7//115 
f 158//115 11//115 9//115 
f 158//115 159//115 13//115 
f 29//115 139//115 126//115 
f 39//115 37//115 148//115 
f 43//115 41//115 150//115 
f 160//115 45//115 43//115 
f 161//115 47//115 45//115 
f 161//115 162//115 49//115 
f 163//115 53//115 51//115 
f 163//115 164//115 55//115 
f 65//115 63//115 153//115 
f 67//115 155//115 141//115 
f 83//115 129//115 123//115 
f 101//115 144//115 132//115 
f 115//115 113//115 146//115 
f 7//115 5//115 137//115 
f 165//115 9//115 7//115 
f 13//115 11//115 158//115 
f 35//115 140//115 148//115 
f 43//115 151//115 160//115 
f 49//115 47//115 161//115 
f 162//115 166//115 51//115 
f 55//115 53//115 163//115 
f 164//115 167//115 57//115 
f 168//115 59//115 57//115 
f 152//115 61//115 59//115 
f 65//115 154//115 155//115 
f 97//115 131//115 143//115 
f 115//115 156//115 147//115 
f 9//115 165//115 158//115 
f 169//115 15//115 13//115 
f 169//115 170//115 17//115 
f 170//115 171//115 19//115 
f 171//115 172//115 21//115 
f 39//115 149//115 150//115 
f 51//115 49//115 162//115 
f 57//115 55//115 164//115 
f 59//115 168//115 152//115 
f 71//115 142//115 119//115 
f 7//115 157//115 165//115 
f 17//115 15//115 169//115 
f 21//115 19//115 171//115 
f 173//115 23//115 21//115 
f 173//115 174//115 25//115 
f 45//115 160//115 161//115 
f 57//115 167//115 168//115 
f 109//115 135//115 145//115 
f 19//115 17//115 170//115 
f 25//115 23//115 173//115 
f 51//115 166//115 163//115 
f 13//115 159//115 169//115 
f 25//115 174//115 138//115 
f 21//115 172//115 173//115 
f 63//115 61//115 152//115 
o mesh2
f 175//116 136//116 147//117 
f 176//117 147//117 156//118 
f 177//118 156//118 146//119 
f 178//119 146//119 145//120 
f 179//120 145//120 135//121 
f 180//121 135//121 134//122 
f 181//122 134//122 133//123 
f 182//123 133//123 132//124 
f 183//124 132//124 144//125 
f 184//125 144//125 143//126 
f 185//126 143//126 131//127 
f 186//127 131//127 130//128 
f 187//128 130//128 125//129 
f 188//129 125//129 118//130 
f 189//130 118//130 117//131 
f 190//131 117//131 124//132 
f 191//132 124//132 123//133 
f 192//133 123//133 129//134 
f 193//134 129//134 128//135 
f 194//135 128//135 122//136 
f 195//136 122//136 121//137 
f 196//137 121//137 120//138 
f 197//138 120//138 119//139 
f 198//139 119//139 142//140 
f 199//140 142//140 141//141 
f 200//141 141//141 155//142 
f 201//142 155//142 154//143 
f 202//143 154//143 153//144 
f 203//144 153//144 152//145 
f 204//145 152//145 168//146 
f 205//146 168//146 167//147 
f 206//147 167//147 164//148 
f 207//148 164//148 163//149 
f 208//149 163//149 166//150 
f 209//150 166//150 162//151 
f 210//151 162//151 161//152 
f 211//152 161//152 160//153 
f 212//153 160//153 151//154 
f 213//154 151//154 150//155 
f 214//155 150//155 149//156 
f 215//156 149//156 148//157 
f 216//157 148//157 140//158 
f 217//158 140//158 127//159 
f 218//159 127//159 126//160 
f 219//160 126//160 139//161 
f 220//161 139//161 138//162 
f 221//162 138//162 174//163 
f 222//163 174//163 173//164 
f 223//164 173//164 172//165 
f 224//165 172//165 171//166 
f 225//166 171//166 170//167 
f 226//167 170//167 169//168 
f 227//168 169//168 159//169 
f 228//169 159//169 158//170 
f 229//170 158//170 165//171 
f 230//171 165//171 157//172 
f 231//172 157//172 137//173 
f 232//173 137//173 136//116 
f 136//116 175//116 232//173 
f 137//173 232//173 231//172 
f 157//172 231//172 230//171 
f 165//171 230//171 229//170 
f 158//170 229//170 228//169 
f 159//169 228//169 227//168 
f 169//168 227//168 226//167 
f 170//167 226//167 225//166 
f 171//166 225//166 224//165 
f 172//165 224//165 223//164 
f 173//164 223//164 222//163 
f 174//163 222//163 221//162 
f 138//162 221//162 220//161 
f 139//161 220//161 219//160 
f 126//160 219//160 218//159 
f 127//159 218//159 217//158 
f 140//158 217//158 216//157 
f 148//157 216//157 215//156 
f 149//156 215//156 214//155 
f 150//155 214//155 213//154 
f 151//154 213//154 212//153 
f 160//153 212//153 211//152 
f 161//152 211//152 210//151 
f 162//151 210//151 209//150 
f 166//150 209//150 208//149 
f 163//149 208//149 207//148 
f 164//148 207//148 206//147 
f 167//147 206//147 205//146 
f 168//146 205//146 204//145 
f 152//145 204//145 203//144 
f 153//144 203//144 202//143 
f 154//143 202//143 201//142 
f 155//142 201//142 200//141 
f 141//141 200//141 199//140 
f 142//140 199//140 198//139 
f 119//139 198//139 197//138 
f 120//138 197//138 196//137 
f 121//137 196//137 195//136 
f 122//136 195//136 194//135 
f 128//135 194//135 193//134 
f 129//134 193//134 192//133 
f 123//133 192//133 191//132 
f 124//132 191//132 190//131 
f 117//131 190//131 189//130 
f 118//130 189//130 188//129 
f 125//129 188//129 187//128 
f 130//128 187//128 186//127 
f 131//127 186//127 185//126 
f 143//126 185//126 184//125 
f 144//125 184//125 183//124 
f 132//124 183//124 182//123 
f 133//123 182//123 181//122 
f 134//122 181//122 180//121 
f 135//121 180//121 179//120 
f 145//120 179//120 178//119 
f 146//119 178//119 177//118 
f 156//118 177//118 176//117 
f 147//117 176//117 175//116 
o mesh3
f 189//174 88//174 90//174 
f 189//174 190//174 86//174 
f 181//174 104//174 106//174 
f 181//174 182//174 102//174 
f 182//174 183//174 100//174 
f 183//174 184//174 98//174 
f 187//174 92//174 94//174 
f 187//174 188//174 90//174 
f 86//174 88//174 189//174 
f 190//174 191//174 84//174 
f 102//174 104//174 181//174 
f 98//174 100//174 183//174 
f 185//174 96//174 98//174 
f 185//174 186//174 94//174 
f 90//174 92//174 187//174 
f 84//174 86//174 190//174 
f 192//174 82//174 84//174 
f 192//174 193//174 80//174 
f 196//174 74//174 76//174 
f 197//174 72//174 74//174 
f 198//174 70//174 72//174 
f 198//174 199//174 68//174 
f 204//174 58//174 60//174 
f 204//174 205//174 56//174 
f 218//174 30//174 32//174 
f 218//174 219//174 28//174 
f 179//174 108//174 110//174 
f 179//174 180//174 106//174 
f 100//174 102//174 182//174 
f 94//174 96//174 185//174 
f 90//174 188//174 189//174 
f 80//174 82//174 192//174 
f 194//174 78//174 80//174 
f 194//174 195//174 76//174 
f 74//174 196//174 197//174 
f 68//174 70//174 198//174 
f 200//174 66//174 68//174 
f 200//174 201//174 64//174 
f 203//174 60//174 62//174 
f 56//174 58//174 204//174 
f 216//174 34//174 36//174 
f 216//174 217//174 32//174 
f 28//174 30//174 218//174 
f 219//174 220//174 26//174 
f 175//174 176//174 114//174 
f 176//174 177//174 112//174 
f 178//174 110//174 112//174 
f 106//174 108//174 179//174 
f 98//174 184//174 185//174 
f 84//174 191//174 192//174 
f 76//174 78//174 194//174 
f 72//174 197//174 198//174 
f 64//174 66//174 200//174 
f 201//174 202//174 62//174 
f 60//174 203//174 204//174 
f 205//174 206//174 54//174 
f 208//174 50//174 52//174 
f 208//174 209//174 48//174 
f 214//174 38//174 40//174 
f 214//174 215//174 36//174 
f 32//174 34//174 216//174 
f 26//174 28//174 219//174 
f 221//174 24//174 26//174 
f 221//174 222//174 22//174 
f 112//174 114//174 176//174 
f 110//174 178//174 179//174 
f 94//174 186//174 187//174 
f 76//174 195//174 196//174 
f 62//174 64//174 201//174 
f 54//174 56//174 205//174 
f 207//174 52//174 54//174 
f 48//174 50//174 208//174 
f 211//174 44//174 46//174 
f 211//174 212//174 42//174 
f 212//174 213//174 40//174 
f 36//174 38//174 214//174 
f 32//174 217//174 218//174 
f 22//174 24//174 221//174 
f 112//174 177//174 178//174 
f 80//174 193//174 194//174 
f 62//174 202//174 203//174 
f 52//174 207//174 208//174 
f 210//174 46//174 48//174 
f 42//174 44//174 211//174 
f 40//174 213//174 214//174 
f 26//174 220//174 221//174 
f 229//174 8//174 10//174 
f 229//174 230//174 6//174 
f 106//174 180//174 181//174 
f 54//174 206//174 207//174 
f 46//174 210//174 211//174 
f 36//174 215//174 216//174 
f 225//174 16//174 18//174 
f 226//174 14//174 16//174 
f 227//174 12//174 14//174 
f 227//174 228//174 10//174 
f 6//174 8//174 229//174 
f 230//174 231//174 4//174 
f 232//174 1//174 4//174 
f 175//174 2//174 1//174 
f 68//174 199//174 200//174 
f 40//174 42//174 212//174 
f 223//174 20//174 22//174 
f 223//174 224//174 18//174 
f 16//174 225//174 226//174 
f 10//174 12//174 227//174 
f 4//174 6//174 230//174 
f 1//174 232//174 175//174 
f 48//174 209//174 210//174 
f 18//174 20//174 223//174 
f 14//174 226//174 227//174 
f 4//174 231//174 232//174 
f 22//174 222//174 223//174 
f 10//174 228//174 229//174 
f 18//174 224//174 225//174 
f 114//174 2//174 175//174 
g Part 2
v -0.0370202 -0.0351595 0 
v -0.0370325 -0.0349325 0 
v -0.0370325 -0.0349325 0.00213 
v -0.0369834 -0.0353839 0 
v -0.0370202 -0.0351595 0.00213 
v -0.0369226 -0.035603 0 
v -0.0369834 -0.0353839 0.00213 
v -0.0368384 -0.0358143 0 
v -0.0369226 -0.035603 0.00213 
v -0.0367319 -0.0360152 0 
v -0.0368384 -0.0358143 0.00213 
v -0.0366043 -0.0362034 0 
v -0.0367319 -0.0360152 0.00213 
v -0.0364571 -0.0363767 0 
v -0.0366043 -0.0362034 0.00213 
v -0.036292 -0.036533 0 
v -0.0364571 -0.0363767 0.00213 
v -0.036111 -0.0366706 0 
v -0.036292 -0.036533 0.00213 
v -0.0359162 -0.0367879 0 
v -0.036111 -0.0366706 0.00213 
v -0.0357098 -0.0368834 0 
v -0.0359162 -0.0367879 0.00213 
v -0.0354943 -0.036956 0 
v -0.0357098 -0.0368834 0.00213 
v -0.0352722 -0.0370048 0 
v -0.0354943 -0.036956 0.00213 
v -0.0350462 -0.0370294 0 
v -0.0352722 -0.0370048 0.00213 
v -0.0348188 -0.0370294 0 
v -0.0350462 -0.0370294 0.00213 
v -0.0345928 -0.0370048 0 
v -0.0348188 -0.0370294 0.00213 
v -0.0343707 -0.036956 0 
v -0.0345928 -0.0370048 0.00213 
v -0.0341552 -0.0368834 0 
v -0.0343707 -0.036956 0.00213 
v -0.0339488 -0.0367879 0 
v -0.0341552 -0.0368834 0.00213 
v -0.033754 -0.0366706 0 
v -0.0339488 -0.0367879 0.00213 
v -0.033573 -0.036533 0 
v -0.033754 -0.0366706 0.00213 
v -0.0334079 -0.0363767 0 
v -0.033573 -0.036533 0.00213 
v -0.0332607 -0.0362034 0 
v -0.0334079 -0.0363767 0.00213 
v -0.0331331 -0.0360152 0 
v -0.0332607 -0.0362034 0.00213 
v -0.0330266 -0.0358143 0 
v -0.0331331 -0.0360152 0.00213 
v -0.0329424 -0.035603 0 
v -0.0330266 -0.0358143 0.00213 
v -0.0328816 -0.0353839 0 
v -0.0329424 -0.035603 0.00213 
v -0.0328448 -0.0351595 0 
v -0.0328816 -0.0353839 0.00213 
v -0.0328325 -0.0349325 0 
v -0.0328448 -0.0351595 0.00213 
v -0.0328448 -0.0347055 0 
v -0.0328325 -0.0349325 0.00213 
v -0.0328816 -0.0344811 0 
v -0.0328448 -0.0347055 0.00213 
v -0.0329424 -0.034262 0 
v -0.0328816 -0.0344811 0.00213 
v -0.0330266 -0.0340507 0 
v -0.0329424 -0.034262 0.00213 
v -0.0331331 -0.0338498 0 
v -0.0330266 -0.0340507 0.00213 
v -0.0332607 -0.0336616 0 
v -0.0331331 -0.0338498 0.00213 
v -0.0334079 -0.0334883 0 
v -0.0332607 -0.0336616 0.00213 
v -0.033573 -0.033332 0 
v -0.0334079 -0.0334883 0.00213 
v -0.033754 -0.0331944 0 
v -0.033573 -0.033332 0.00213 
v -0.0339488 -0.0330771 0 
v -0.033754 -0.0331944 0.00213 
v -0.0341552 -0.0329816 0 
v -0.0339488 -0.0330771 0.00213 
v -0.0343707 -0.032909 0 
v -0.0341552 -0.0329816 0.00213 
v -0.0345928 -0.0328602 0 
v -0.0343707 -0.032909 0.00213 
v -0.0348188 -0.0328356 0 
v -0.0345928 -0.0328602 0.00213 
v -0.0350462 -0.0328356 0 
v -0.0348188 -0.0328356 0.00213 
v -0.0352722 -0.0328602 0 
v -0.0350462 -0.0328356 0.00213 
v -0.0354943 -0.032909 0 
v -0.0352722 -0.0328602 0.00213 
v -0.0357098 -0.0329816 0 
v -0.0354943 -0.032909 0.00213 
v -0.0359162 -0.0330771 0 
v -0.0357098 -0.0329816 0.00213 
v -0.036111 -0.0331944 0 
v -0.0359162 -0.0330771 0.00213 
v -0.036292 -0.033332 0 
v -0.036111 -0.0331944 0.00213 
v -0.0364571 -0.0334883 0 
v -0.036292 -0.033332 0.00213 
v -0.0366043 -0.0336616 0 
v -0.0364571 -0.0334883 0.00213 
v -0.0367319 -0.0338498 0 
v -0.0366043 -0.0336616 0.00213 
v -0.0368384 -0.0340507 0 
v -0.0367319 -0.0338498 0.00213 
v -0.0369226 -0.034262 0 
v -0.0368384 -0.0340507 0.00213 
v -0.0369834 -0.0344811 0 
v -0.0369226 -0.034262 0.00213 
v -0.0370202 -0.0347055 0 
v -0.0369834 -0.0344811 0.00213 
v -0.0370202 -0.0347055 0.00213 
v -0.0347426 -0.0314301 0.00213 
v -0.0351224 -0.0314301 0.00213 
v -0.0321402 -0.0328099 0.00213 
v -0.0323861 -0.0325204 0.00213 
v -0.0326618 -0.0322592 0.00213 
v -0.0329641 -0.0320294 0.00213 
v -0.0339941 -0.0315528 0.00213 
v -0.034365 -0.0314712 0.00213 
v -0.0355 -0.0314712 0.00213 
v -0.0351224 -0.0384349 0.00213 
v -0.0347426 -0.0384349 0.00213 
v -0.0332896 -0.0318336 0.00213 
v -0.0336342 -0.0316741 0.00213 
v -0.0358709 -0.0315528 0.00213 
v -0.0362308 -0.0316741 0.00213 
v -0.0372032 -0.0322592 0.00213 
v -0.0374789 -0.0325204 0.00213 
v -0.0377248 -0.0328099 0.00213 
v -0.0379379 -0.0331242 0.00213 
v -0.03844 -0.0349325 0.00213 
v -0.0384194 -0.0353117 0.00213 
v -0.0358709 -0.0383122 0.00213 
v -0.0355 -0.0383938 0.00213 
v -0.034365 -0.0383938 0.00213 
v -0.0317492 -0.0334597 0.00213 
v -0.0319271 -0.0331242 0.00213 
v -0.0365754 -0.0318336 0.00213 
v -0.0369009 -0.0320294 0.00213 
v -0.0381158 -0.0334597 0.00213 
v -0.0382564 -0.0338125 0.00213 
v -0.0384194 -0.0345533 0.00213 
v -0.0339941 -0.0383122 0.00213 
v -0.0336342 -0.0381909 0.00213 
v -0.0332896 -0.0380314 0.00213 
v -0.0329641 -0.0378356 0.00213 
v -0.031425 -0.0349325 0.00213 
v -0.0314456 -0.0345533 0.00213 
v -0.031507 -0.0341785 0.00213 
v -0.0316086 -0.0338125 0.00213 
v -0.038358 -0.0341785 0.00213 
v -0.038358 -0.0356865 0.00213 
v -0.0381158 -0.0364053 0.00213 
v -0.0379379 -0.0367408 0.00213 
v -0.0326618 -0.0376058 0.00213 
v -0.0323861 -0.0373446 0.00213 
v -0.0321402 -0.0370551 0.00213 
v -0.0317492 -0.0364053 0.00213 
v -0.0316086 -0.0360525 0.00213 
v -0.0382564 -0.0360525 0.00213 
v -0.0319271 -0.0367408 0.00213 
v -0.031507 -0.0356865 0.00213 
v -0.0314456 -0.0353117 0.00213 
v -0.0377248 -0.0370551 0.00213 
v -0.0374789 -0.0373446 0.00213 
v -0.0372032 -0.0376058 0.00213 
v -0.0369009 -0.0378356 0.00213 
v -0.0365754 -0.0380314 0.00213 
v -0.0362308 -0.0381909 0.00213 
v -0.03844 -0.0349325 0.00603 
v -0.0384194 -0.0353117 0.00603 
v -0.038358 -0.0356865 0.00603 
v -0.0382564 -0.0360525 0.00603 
v -0.0381158 -0.0364053 0.00603 
v -0.0379379 -0.0367408 0.00603 
v -0.0377248 -0.0370551 0.00603 
v -0.0374789 -0.0373446 0.00603 
v -0.0372032 -0.0376058 0.00603 
v -0.0369009 -0.0378356 0.00603 
v -0.0365754 -0.0380314 0.00603 
v -0.0362308 -0.0381909 0.00603 
v -0.0358709 -0.0383122 0.00603 
v -0.0355 -0.0383938 0.00603 
v -0.0351224 -0.0384349 0.00603 
v -0.0347426 -0.0384349 0.00603 
v -0.034365 -0.0383938 0.00603 
v -0.0339941 -0.0383122 0.00603 
v -0.0336342 -0.0381909 0.00603 
v -0.0332896 -0.0380314 0.00603 
v -0.0329641 -0.0378356 0.00603 
v -0.0326618 -0.0376058 0.00603 
v -0.0323861 -0.0373446 0.00603 
v -0.0321402 -0.0370551 0.00603 
v -0.0319271 -0.0367408 0.00603 
v -0.0317492 -0.0364053 0.00603 
v -0.0316086 -0.0360525 0.00603 
v -0.031507 -0.0356865 0.00603 
v -0.0314456 -0.0353117 0.00603 
v -0.031425 -0.0349325 0.00603 
v -0.0314456 -0.0345533 0.00603 
v -0.031507 -0.0341785 0.00603 
v -0.0316086 -0.0338125 0.00603 
v -0.0317492 -0.0334597 0.00603 
v -0.0319271 -0.0331242 0.00603 
v -0.0321402 -0.0328099 0.00603 
v -0.0323861 -0.0325204 0.00603 
v -0.0326618 -0.0322592 0.00603 
v -0.0329641 -0.0320294 0.00603 
v -0.0332896 -0.0318336 0.00603 
v -0.0336342 -0.0316741 0.00603 
v -0.0339941 -0.0315528 0.00603 
v -0.034365 -0.0314712 0.00603 
v -0.0347426 -0.0314301 0.00603 
v -0.0351224 -0.0314301 0.00603 
v -0.0355 -0.0314712 0.00603 
v -0.0358709 -0.0315528 0.00603 
v -0.0362308 -0.0316741 0.00603 
v -0.0365754 -0.0318336 0.00603 
v -0.0369009 -0.0320294 0.00603 
v -0.0372032 -0.0322592 0.00603 
v -0.0374789 -0.0325204 0.00603 
v -0.0377248 -0.0328099 0.00603 
v -0.0379379 -0.0331242 0.00603 
v -0.0381158 -0.0334597 0.00603 
v -0.0382564 -0.0338125 0.00603 
v -0.038358 -0.0341785 0.00603 
v -0.0384194 -0.0345533 0.00603 
v -0.0314456 0.0353117 0 
v 0.0314456 0.0353117 0 
v 0.031425 0.0349325 0 
v 0.0316086 0.0360525 0 
v 0.031507 0.0356865 0 
v -0.0316086 0.0338125 0 
v -0.031507 0.0341785 0 
v -0.0394407 0.0355896 0 
v -0.0393053 0.0360951 0 
v -0.038358 0.0356865 0 
v -0.0391177 0.0365837 0 
v -0.0382564 0.0360525 0 
v -0.0388801 0.03705 0 
v -0.0379379 0.0367408 0 
v -0.0381158 0.0364053 0 
v -0.0378957 0.0382657 0 
v -0.0372032 0.0376058 0 
v -0.0374789 0.0373446 0 
v -0.0374889 0.0385951 0 
v -0.0369009 0.0378356 0 
v -0.0360951 0.0393053 0 
v -0.0355896 0.0394407 0 
v -0.0355 0.0383938 0 
v -0.0350726 0.0395226 0 
v -0.0351224 0.0384349 0 
v -0.031425 0.0349325 0 
v -0.0314456 0.0345533 0 
v -0.0321402 0.0328099 0 
v -0.0319271 0.0331242 0 
v -0.0395226 0.0350726 0 
v -0.0384194 0.0353117 0 
v -0.0385951 0.0374889 0 
v -0.0377248 0.0370551 0 
v -0.0382657 0.0378957 0 
v -0.03705 0.0388801 0 
v -0.0365754 0.0380314 0 
v -0.0365837 0.0391177 0 
v -0.0362308 0.0381909 0 
v -0.0358709 0.0383122 0 
v -0.0317492 0.0334597 0 
v -0.031507 0.0356865 0 
v 0.0321402 0.0370551 0 
v 0.0319271 0.0367408 0 
v -0.0332896 0.0318336 0 
v -0.0329641 0.0320294 0 
v -0.03455 0.03955 0 
v -0.0347426 0.0384349 0 
v -0.0339941 0.0383122 0 
v -0.034365 0.0383938 0 
v 0.03455 0.03955 0 
v -0.0329641 0.0378356 0 
v -0.0332896 0.0380314 0 
v -0.0316086 0.0360525 0 
v 0.0317492 0.0364053 0 
v -0.0326618 0.0322592 0 
v -0.0339941 0.0315528 0 
v -0.0336342 0.0316741 0 
v -0.0347426 0.0314301 0 
v -0.034365 0.0314712 0 
v 0.0374889 -0.0385951 0 
v 0.0369009 -0.0378356 0 
v 0.0372032 -0.0376058 0 
v 0.03705 -0.0388801 0 
v 0.0365754 -0.0380314 0 
v -0.0336342 0.0381909 0 
v -0.0323861 0.0373446 0 
v -0.0326618 0.0376058 0 
v -0.0317492 0.0364053 0 
v -0.0323861 0.0325204 0 
v -0.0319271 0.0367408 0 
v 0.0329641 0.0378356 0 
v 0.0326618 0.0376058 0 
v 0.0336342 0.0381909 0 
v 0.0332896 0.0380314 0 
v 0.0378957 -0.0382657 0 
v 0.0374789 -0.0373446 0 
v -0.0321402 0.0370551 0 
v 0.0323861 0.0373446 0 
v 0.0347426 0.0384349 0 
v 0.034365 0.0383938 0 
v 0.0355896 0.0394407 0 
v 0.0355 0.0383938 0 
v 0.0351224 0.0384349 0 
v 0.0360951 0.0393053 0 
v 0.0358709 0.0383122 0 
v 0.0394407 0.0355896 0 
v 0.0384194 0.0353117 0 
v 0.038358 0.0356865 0 
v 0.0395226 0.0350726 0 
v 0.03844 0.0349325 0 
v 0.03955 0.03455 0 
v 0.0384194 0.0345533 0 
v 0.0382564 0.0338125 0 
v 0.038358 0.0341785 0 
v 0.0347426 -0.0314301 0 
v 0.0351224 -0.0314301 0 
v 0.0372032 0.0322592 0 
v 0.0382657 -0.0378957 0 
v 0.0377248 -0.0370551 0 
v 0.0326618 0.0322592 0 
v 0.0339941 0.0383122 0 
v 0.0350726 0.0395226 0 
v 0.0365837 0.0391177 0 
v 0.0362308 0.0381909 0 
v 0.03705 0.0388801 0 
v 0.0365754 0.0380314 0 
v 0.0374889 0.0385951 0 
v 0.0369009 0.0378356 0 
v 0.0378957 0.0382657 0 
v 0.0372032 0.0376058 0 
v 0.0382657 0.0378957 0 
v 0.0374789 0.0373446 0 
v 0.0393053 0.0360951 0 
v 0.0382564 0.0360525 0 
v 0.0379379 0.0331242 0 
v 0.0381158 0.0334597 0 
v 0.0362308 -0.0316741 0 
v 0.0377248 0.0328099 0 
v 0.0374789 0.0325204 0 
v 0.0394407 -0.0355896 0 
v 0.0393053 -0.0360951 0 
v 0.038358 -0.0356865 0 
v 0.0391177 -0.0365837 0 
v 0.0382564 -0.0360525 0 
v 0.0365837 -0.0391177 0 
v 0.0362308 -0.0381909 0 
v 0.0323861 0.0325204 0 
v 0.0385951 0.0374889 0 
v 0.0377248 0.0370551 0 
v 0.0388801 0.03705 0 
v 0.0379379 0.0367408 0 
v 0.0391177 0.0365837 0 
v 0.0381158 0.0364053 0 
v 0.0358709 -0.0315528 0 
v 0.0355 -0.0314712 0 
v 0.03955 -0.03455 0 
v 0.0395226 -0.0350726 0 
v 0.03844 -0.0349325 0 
v 0.0384194 -0.0353117 0 
v 0.0388801 -0.03705 0 
v 0.0379379 -0.0367408 0 
v 0.0381158 -0.0364053 0 
v 0.0360951 -0.0393053 0 
v 0.0358709 -0.0383122 0 
v 0.0355896 -0.0394407 0 
v 0.0355 -0.0383938 0 
v 0.0350726 -0.0395226 0 
v 0.0351224 -0.0384349 0 
v 0.0329641 0.0320294 0 
v 0.0332896 0.0318336 0 
v 0.0384194 -0.0345533 0 
v 0.0385951 -0.0374889 0 
v 0.0358709 0.0315528 0 
v 0.0362308 0.0316741 0 
v -0.03955 -0.03455 0 
v 0.0319271 0.0331242 0 
v 0.0316086 0.0338125 0 
v 0.0317492 0.0334597 0 
v 0.0369009 -0.0320294 0 
v 0.0365754 -0.0318336 0 
v 0.0374789 -0.0325204 0 
v 0.0372032 -0.0322592 0 
v 0.0381158 -0.0334597 0 
v 0.038358 -0.0341785 0 
v 0.0382564 -0.0338125 0 
v 0.03455 -0.03955 0 
v 0.0347426 -0.0384349 0 
v 0.0339941 -0.0383122 0 
v 0.034365 -0.0383938 0 
v 0.0365754 0.0318336 0 
v 0.0369009 0.0320294 0 
v 0.0355 0.0314712 0 
v 0.0336342 0.0316741 0 
v 0.0321402 0.0328099 0 
v -0.0351224 0.0314301 0 
v -0.0358709 0.0315528 0 
v -0.0355 0.0314712 0 
v -0.0369009 0.0320294 0 
v -0.0365754 0.0318336 0 
v -0.0374789 0.0325204 0 
v -0.0372032 0.0322592 0 
v 0.0379379 -0.0331242 0 
v 0.0377248 -0.0328099 0 
v 0.0336342 -0.0381909 0 
v -0.03455 -0.03955 0 
v 0.0329641 -0.0378356 0 
v 0.0332896 -0.0380314 0 
v 0.0347426 0.0314301 0 
v 0.0351224 0.0314301 0 
v 0.0339941 0.0315528 0 
v -0.0362308 0.0316741 0 
v -0.0379379 0.0331242 0 
v -0.0377248 0.0328099 0 
v 0.0323861 -0.0373446 0 
v 0.0326618 -0.0376058 0 
v 0.031425 -0.0349325 0 
v 0.0314456 -0.0353117 0 
v -0.0350726 -0.0395226 0 
v 0.034365 0.0314712 0 
v -0.03955 0.03455 0 
v -0.0381158 0.0334597 0 
v 0.0319271 -0.0367408 0 
v 0.0321402 -0.0370551 0 
v -0.0355896 -0.0394407 0 
v -0.0382564 0.0338125 0 
v 0.031507 -0.0356865 0 
v -0.0360951 -0.0393053 0 
v -0.0365837 -0.0391177 0 
v 0.034365 -0.0314712 0 
v 0.0314456 0.0345533 0 
v 0.031507 0.0341785 0 
v 0.0316086 -0.0360525 0 
v 0.0317492 -0.0364053 0 
v 0.0316086 -0.0338125 0 
v 0.031507 -0.0341785 0 
v 0.0321402 -0.0328099 0 
v 0.0319271 -0.0331242 0 
v 0.0336342 -0.0316741 0 
v 0.0332896 -0.0318336 0 
v -0.0384194 0.0345533 0 
v -0.038358 0.0341785 0 
v -0.03844 0.0349325 0 
v 0.0314456 -0.0345533 0 
v 0.0317492 -0.0334597 0 
v 0.0326618 -0.0322592 0 
v 0.0323861 -0.0325204 0 
v 0.0329641 -0.0320294 0 
v 0.0339941 -0.0315528 0 
v -0.0388801 -0.03705 0 
v -0.0391177 -0.0365837 0 
v -0.0374889 -0.0385951 0 
v -0.0378957 -0.0382657 0 
v -0.0382657 -0.0378957 0 
v -0.0385951 -0.0374889 0 
v -0.0393053 -0.0360951 0 
v -0.0394407 -0.0355896 0 
v -0.0395226 -0.0350726 0 
v -0.03705 -0.0388801 0 
v 0.03955 0.03455 0.00603 
v 0.03955 -0.0240875 0.00603 
v 0.03955 -0.03455 0.00603 
v -0.0224625 0.03955 0.00603 
v -0.03455 0.03955 0.00603 
v 0.03455 0.03955 0.00603 
v -0.03955 -0.0240875 0.00603 
v -0.03955 -0.03455 0.00603 
v -0.03955 0.03455 0.00603 
v 0.03455 -0.03955 0.00603 
v -0.0224625 -0.03955 0.00603 
v -0.03455 -0.03955 0.00603 
v 0.0395226 -0.0350726 0.00603 
v 0.0394407 -0.0355896 0.00603 
v 0.0393053 -0.0360951 0.00603 
v 0.0391177 -0.0365837 0.00603 
v 0.0388801 -0.03705 0.00603 
v 0.0385951 -0.0374889 0.00603 
v 0.0382657 -0.0378957 0.00603 
v 0.0378957 -0.0382657 0.00603 
v 0.0374889 -0.0385951 0.00603 
v 0.03705 -0.0388801 0.00603 
v 0.0365837 -0.0391177 0.00603 
v 0.0360951 -0.0393053 0.00603 
v 0.0355896 -0.0394407 0.00603 
v 0.0350726 -0.0395226 0.00603 
v 0.0395226 0.0350726 0.00603 
v 0.0394407 0.0355896 0.00603 
v 0.0393053 0.0360951 0.00603 
v 0.0391177 0.0365837 0.00603 
v 0.0388801 0.03705 0.00603 
v 0.0385951 0.0374889 0.00603 
v 0.0382657 0.0378957 0.00603 
v 0.0378957 0.0382657 0.00603 
v 0.0374889 0.0385951 0.00603 
v 0.03705 0.0388801 0.00603 
v 0.0365837 0.0391177 0.00603 
v 0.0360951 0.0393053 0.00603 
v 0.0355896 0.0394407 0.00603 
v 0.0350726 0.0395226 0.00603 
v -0.0395226 0.0350726 0.00603 
v -0.0394407 0.0355896 0.00603 
v -0.0393053 0.0360951 0.00603 
v -0.0391177 0.0365837 0.00603 
v -0.0388801 0.03705 0.00603 
v -0.0385951 0.0374889 0.00603 
v -0.0382657 0.0378957 0.00603 
v -0.0378957 0.0382657 0.00603 
v -0.0374889 0.0385951 0.00603 
v -0.03705 0.0388801 0.00603 
v -0.0365837 0.0391177 0.00603 
v -0.0360951 0.0393053 0.00603 
v -0.0355896 0.0394407 0.00603 
v -0.0350726 0.0395226 0.00603 
v -0.0395226 -0.0350726 0.00603 
v -0.0394407 -0.0355896 0.00603 
v -0.0393053 -0.0360951 0.00603 
v -0.0391177 -0.0365837 0.00603 
v -0.0388801 -0.03705 0.00603 
v -0.0385951 -0.0374889 0.00603 
v -0.0382657 -0.0378957 0.00603 
v -0.0378957 -0.0382657 0.00603 
v -0.0374889 -0.0385951 0.00603 
v -0.03705 -0.0388801 0.00603 
v -0.0365837 -0.0391177 0.00603 
v -0.0360951 -0.0393053 0.00603 
v -0.0355896 -0.0394407 0.00603 
v -0.0350726 -0.0395226 0.00603 
v 0.031425 -0.0349325 0.00603 
v 0.0314456 -0.0353117 0.00603 
v 0.031507 -0.0356865 0.00603 
v 0.0316086 -0.0360525 0.00603 
v 0.0317492 -0.0364053 0.00603 
v 0.0319271 -0.0367408 0.00603 
v 0.0321402 -0.0370551 0.00603 
v 0.0323861 -0.0373446 0.00603 
v 0.0326618 -0.0376058 0.00603 
v 0.0329641 -0.0378356 0.00603 
v 0.0332896 -0.0380314 0.00603 
v 0.0336342 -0.0381909 0.00603 
v 0.0339941 -0.0383122 0.00603 
v 0.034365 -0.0383938 0.00603 
v 0.0347426 -0.0384349 0.00603 
v 0.0351224 -0.0384349 0.00603 
v 0.0355 -0.0383938 0.00603 
v 0.0358709 -0.0383122 0.00603 
v 0.0362308 -0.0381909 0.00603 
v 0.0365754 -0.0380314 0.00603 
v 0.0369009 -0.0378356 0.00603 
v 0.0372032 -0.0376058 0.00603 
v 0.0374789 -0.0373446 0.00603 
v 0.0377248 -0.0370551 0.00603 
v 0.0379379 -0.0367408 0.00603 
v 0.0381158 -0.0364053 0.00603 
v 0.0382564 -0.0360525 0.00603 
v 0.038358 -0.0356865 0.00603 
v 0.0384194 -0.0353117 0.00603 
v 0.03844 -0.0349325 0.00603 
v 0.0384194 -0.0345533 0.00603 
v 0.038358 -0.0341785 0.00603 
v 0.0382564 -0.0338125 0.00603 
v 0.0381158 -0.0334597 0.00603 
v 0.0379379 -0.0331242 0.00603 
v 0.0377248 -0.0328099 0.00603 
v 0.0374789 -0.0325204 0.00603 
v 0.0372032 -0.0322592 0.00603 
v 0.0369009 -0.0320294 0.00603 
v 0.0365754 -0.0318336 0.00603 
v 0.0362308 -0.0316741 0.00603 
v 0.0358709 -0.0315528 0.00603 
v 0.0355 -0.0314712 0.00603 
v 0.0351224 -0.0314301 0.00603 
v 0.0347426 -0.0314301 0.00603 
v 0.034365 -0.0314712 0.00603 
v 0.0339941 -0.0315528 0.00603 
v 0.0336342 -0.0316741 0.00603 
v 0.0332896 -0.0318336 0.00603 
v 0.0329641 -0.0320294 0.00603 
v 0.0326618 -0.0322592 0.00603 
v 0.0323861 -0.0325204 0.00603 
v 0.0321402 -0.0328099 0.00603 
v 0.0319271 -0.0331242 0.00603 
v 0.0317492 -0.0334597 0.00603 
v 0.0316086 -0.0338125 0.00603 
v 0.031507 -0.0341785 0.00603 
v 0.0314456 -0.0345533 0.00603 
v -0.03844 0.0349325 0.00603 
v -0.0384194 0.0345533 0.00603 
v -0.038358 0.0341785 0.00603 
v -0.0382564 0.0338125 0.00603 
v -0.0381158 0.0334597 0.00603 
v -0.0379379 0.0331242 0.00603 
v -0.0377248 0.0328099 0.00603 
v -0.0374789 0.0325204 0.00603 
v -0.0372032 0.0322592 0.00603 
v -0.0369009 0.0320294 0.00603 
v -0.0365754 0.0318336 0.00603 
v -0.0362308 0.0316741 0.00603 
v -0.0358709 0.0315528 0.00603 
v -0.0355 0.0314712 0.00603 
v -0.0351224 0.0314301 0.00603 
v -0.0347426 0.0314301 0.00603 
v -0.034365 0.0314712 0.00603 
v -0.0339941 0.0315528 0.00603 
v -0.0336342 0.0316741 0.00603 
v -0.0332896 0.0318336 0.00603 
v -0.0329641 0.0320294 0.00603 
v -0.0326618 0.0322592 0.00603 
v -0.0323861 0.0325204 0.00603 
v -0.0321402 0.0328099 0.00603 
v -0.0319271 0.0331242 0.00603 
v -0.0317492 0.0334597 0.00603 
v -0.0316086 0.0338125 0.00603 
v -0.031507 0.0341785 0.00603 
v -0.0314456 0.0345533 0.00603 
v -0.031425 0.0349325 0.00603 
v -0.0314456 0.0353117 0.00603 
v -0.031507 0.0356865 0.00603 
v -0.0316086 0.0360525 0.00603 
v -0.0317492 0.0364053 0.00603 
v -0.0319271 0.0367408 0.00603 
v -0.0321402 0.0370551 0.00603 
v -0.0323861 0.0373446 0.00603 
v -0.0326618 0.0376058 0.00603 
v -0.0329641 0.0378356 0.00603 
v -0.0332896 0.0380314 0.00603 
v -0.0336342 0.0381909 0.00603 
v -0.0339941 0.0383122 0.00603 
v -0.034365 0.0383938 0.00603 
v -0.0347426 0.0384349 0.00603 
v -0.0351224 0.0384349 0.00603 
v -0.0355 0.0383938 0.00603 
v -0.0358709 0.0383122 0.00603 
v -0.0362308 0.0381909 0.00603 
v -0.0365754 0.0380314 0.00603 
v -0.0369009 0.0378356 0.00603 
v -0.0372032 0.0376058 0.00603 
v -0.0374789 0.0373446 0.00603 
v -0.0377248 0.0370551 0.00603 
v -0.0379379 0.0367408 0.00603 
v -0.0381158 0.0364053 0.00603 
v -0.0382564 0.0360525 0.00603 
v -0.038358 0.0356865 0.00603 
v -0.0384194 0.0353117 0.00603 
v 0.031425 0.0349325 0.00603 
v 0.0314456 0.0345533 0.00603 
v 0.031507 0.0341785 0.00603 
v 0.0316086 0.0338125 0.00603 
v 0.0317492 0.0334597 0.00603 
v 0.0319271 0.0331242 0.00603 
v 0.0321402 0.0328099 0.00603 
v 0.0323861 0.0325204 0.00603 
v 0.0326618 0.0322592 0.00603 
v 0.0329641 0.0320294 0.00603 
v 0.0332896 0.0318336 0.00603 
v 0.0336342 0.0316741 0.00603 
v 0.0339941 0.0315528 0.00603 
v 0.034365 0.0314712 0.00603 
v 0.0347426 0.0314301 0.00603 
v 0.0351224 0.0314301 0.00603 
v 0.0355 0.0314712 0.00603 
v 0.0358709 0.0315528 0.00603 
v 0.0362308 0.0316741 0.00603 
v 0.0365754 0.0318336 0.00603 
v 0.0369009 0.0320294 0.00603 
v 0.0372032 0.0322592 0.00603 
v 0.0374789 0.0325204 0.00603 
v 0.0377248 0.0328099 0.00603 
v 0.0379379 0.0331242 0.00603 
v 0.0381158 0.0334597 0.00603 
v 0.0382564 0.0338125 0.00603 
v 0.038358 0.0341785 0.00603 
v 0.0384194 0.0345533 0.00603 
v 0.03844 0.0349325 0.00603 
v 0.0384194 0.0353117 0.00603 
v 0.038358 0.0356865 0.00603 
v 0.0382564 0.0360525 0.00603 
v 0.0381158 0.0364053 0.00603 
v 0.0379379 0.0367408 0.00603 
v 0.0377248 0.0370551 0.00603 
v 0.0374789 0.0373446 0.00603 
v 0.0372032 0.0376058 0.00603 
v 0.0369009 0.0378356 0.00603 
v 0.0365754 0.0380314 0.00603 
v 0.0362308 0.0381909 0.00603 
v 0.0358709 0.0383122 0.00603 
v 0.0355 0.0383938 0.00603 
v 0.0351224 0.0384349 0.00603 
v 0.0347426 0.0384349 0.00603 
v 0.034365 0.0383938 0.00603 
v 0.0339941 0.0383122 0.00603 
v 0.0336342 0.0381909 0.00603 
v 0.0332896 0.0380314 0.00603 
v 0.0329641 0.0378356 0.00603 
v 0.0326618 0.0376058 0.00603 
v 0.0323861 0.0373446 0.00603 
v 0.0321402 0.0370551 0.00603 
v 0.0319271 0.0367408 0.00603 
v 0.0317492 0.0364053 0.00603 
v 0.0316086 0.0360525 0.00603 
v 0.031507 0.0356865 0.00603 
v 0.0314456 0.0353117 0.00603 
v 0.0123419 -0.0167476 0.00603 
v 0.0122929 -0.01675 0.00603 
v -0.0134976 -0.0155919 0.00603 
v -0.0135 -0.0155429 0.00603 
v -0.0123419 -0.0167476 0.00603 
v -0.0123904 -0.0167404 0.00603 
v 0.0123904 -0.0167404 0.00603 
v 0.012438 -0.0167285 0.00603 
v 0.0133536 -0.0158964 0.00603 
v 0.0126464 -0.0166036 0.00603 
v 0.0134157 -0.0158207 0.00603 
v 0.0133865 -0.0158601 0.00603 
v -0.0133536 0.0158964 0.00603 
v -0.0126464 0.0166036 0.00603 
v -0.0134157 0.0158207 0.00603 
v -0.0133865 0.0158601 0.00603 
v -0.0134619 0.0157342 0.00603 
v -0.013441 0.0157786 0.00603 
v -0.0134904 0.0156404 0.00603 
v -0.0134785 0.015688 0.00603 
v -0.0135 0.0155429 0.00603 
v -0.0134904 -0.0156404 0.00603 
v -0.0133865 -0.0158601 0.00603 
v -0.0134157 -0.0158207 0.00603 
v -0.012438 -0.0167285 0.00603 
v -0.0122929 -0.01675 0.00603 
v 0.0124842 -0.0167119 0.00603 
v 0.0125707 -0.0166657 0.00603 
v 0.0125286 -0.016691 0.00603 
v 0.0126101 -0.0166365 0.00603 
v 0.013441 -0.0157786 0.00603 
v 0.0134904 -0.0156404 0.00603 
v 0.0134785 -0.015688 0.00603 
v 0.0135 -0.0155429 0.00603 
v -0.0126101 0.0166365 0.00603 
v -0.0134976 0.0155919 0.00603 
v -0.0134619 -0.0157342 0.00603 
v -0.0134785 -0.015688 0.00603 
v -0.013441 -0.0157786 0.00603 
v -0.0126101 -0.0166365 0.00603 
v -0.0126464 -0.0166036 0.00603 
v 0.0134619 -0.0157342 0.00603 
v -0.0125286 0.016691 0.00603 
v -0.0124842 0.0167119 0.00603 
v -0.0133536 -0.0158964 0.00603 
v -0.0124842 -0.0167119 0.00603 
v -0.0125286 -0.016691 0.00603 
v 0.0134976 -0.0155919 0.00603 
v -0.0125707 0.0166657 0.00603 
v 0.0126101 0.0166365 0.00603 
v 0.0126464 0.0166036 0.00603 
v 0.0134785 0.015688 0.00603 
v 0.0134904 0.0156404 0.00603 
v 0.0133865 0.0158601 0.00603 
v 0.0134157 0.0158207 0.00603 
v 0.0125707 0.0166657 0.00603 
v 0.0124842 0.0167119 0.00603 
v 0.0125286 0.016691 0.00603 
v -0.0125707 -0.0166657 0.00603 
v 0.0134619 0.0157342 0.00603 
v 0.013441 0.0157786 0.00603 
v 0.0133536 0.0158964 0.00603 
v 0.0123904 0.0167404 0.00603 
v 0.012438 0.0167285 0.00603 
v 0.0122929 0.01675 0.00603 
v 0.0123419 0.0167476 0.00603 
v -0.012438 0.0167285 0.00603 
v -0.0123904 0.0167404 0.00603 
v 0.0134976 0.0155919 0.00603 
v 0.0135 0.0155429 0.00603 
v -0.0123419 0.0167476 0.00603 
v -0.0122929 0.01675 0.00603 
v -0.0224625 -0.0240875 0.00603 
v 0.0122929 0.01675 0.01053 
v -0.0122929 0.01675 0.01053 
v -0.0126271 0.0166211 0.0108642 
v -0.0126101 0.0166365 0.0108472 
v -0.0126464 0.0166036 0.0108836 
v -0.0125864 0.016654 0.0108235 
v -0.0125707 0.0166657 0.0108078 
v -0.0125426 0.0166826 0.0107797 
v -0.0125286 0.016691 0.0107657 
v -0.0124961 0.0167063 0.0107332 
v -0.0124842 0.0167119 0.0107213 
v -0.0124473 0.0167252 0.0106844 
v -0.012438 0.0167285 0.0106751 
v -0.0123968 0.0167388 0.0106339 
v -0.0123904 0.0167404 0.0106275 
v -0.0123451 0.0167471 0.0105822 
v -0.0123419 0.0167476 0.010579 
v -0.01275 0.0165 0.010963 
v -0.0127061 0.0165439 0.0109345 
v -0.0133346 0.0159154 0.0109016 
v -0.0132939 0.0159561 0.0109345 
v -0.0127966 0.0164534 0.0109868 
v -0.01325 0.016 0.010963 
v -0.0128455 0.0164045 0.0110055 
v -0.0132034 0.0160466 0.0109868 
v -0.012896 0.016354 0.0110191 
v -0.0131545 0.0160955 0.0110055 
v -0.0129477 0.0163023 0.0110273 
v -0.013104 0.016146 0.0110191 
v -0.013 0.01625 0.01103 
v -0.0130523 0.0161977 0.0110273 
v -0.0126654 0.0165846 0.0109016 
v -0.0133536 0.0158964 0.0108836 
v -0.0135 0.0155429 0.01053 
v -0.0134976 0.0155919 0.010579 
v -0.0134971 0.0155951 0.0105822 
v -0.0134904 0.0156404 0.0106275 
v -0.0134888 0.0156468 0.0106339 
v -0.0134785 0.015688 0.0106751 
v -0.0134752 0.0156973 0.0106844 
v -0.0134619 0.0157342 0.0107213 
v -0.0134563 0.0157461 0.0107332 
v -0.013441 0.0157786 0.0107657 
v -0.0134326 0.0157926 0.0107797 
v -0.0134157 0.0158207 0.0108078 
v -0.013404 0.0158364 0.0108235 
v -0.0133865 0.0158601 0.0108472 
v -0.0133711 0.0158771 0.0108642 
v 0.0133536 0.0158964 0.01053 
v 0.0126464 0.0166036 0.01053 
v 0.0133865 0.0158601 0.010579 
v 0.0133885 0.0158575 0.0105822 
v 0.0134157 0.0158207 0.0106275 
v 0.0134191 0.0158151 0.0106339 
v 0.013441 0.0157786 0.0106751 
v 0.0134452 0.0157697 0.0106844 
v 0.0134619 0.0157342 0.0107213 
v 0.0134663 0.0157219 0.0107332 
v 0.0134785 0.015688 0.0107657 
v 0.0134824 0.0156722 0.0107797 
v 0.0134904 0.0156404 0.0108078 
v 0.0134933 0.015621 0.0108235 
v 0.0134976 0.0155919 0.0108472 
v 0.0134987 0.015569 0.0108642 
v 0.0135 0.0155429 0.0108836 
v 0.0133536 -0.0158964 0.01053 
v 0.0126464 -0.0166036 0.01053 
v 0.0134993 -0.0155691 0.0108646 
v 0.0134969 -0.0155918 0.0108468 
v 0.0135 -0.0155429 0.0108836 
v 0.0134938 -0.0156211 0.0108239 
v 0.0134898 -0.0156403 0.0108074 
v 0.013483 -0.0156723 0.01078 
v 0.0134779 -0.0156879 0.0107654 
v 0.0134668 -0.0157221 0.0107334 
v 0.0134615 -0.015734 0.0107212 
v 0.0134455 -0.0157699 0.0106845 
v 0.0134406 -0.0157784 0.010675 
v 0.0134193 -0.0158152 0.010634 
v 0.0134155 -0.0158205 0.0106275 
v 0.0133886 -0.0158576 0.0105823 
v 0.0133864 -0.01586 0.010579 
v 0.01261 -0.0166364 0.010579 
v 0.0126076 -0.0166386 0.0105823 
v 0.0125705 -0.0166655 0.0106275 
v 0.0125652 -0.0166693 0.010634 
v 0.0125284 -0.0166906 0.010675 
v 0.0125199 -0.0166955 0.0106845 
v 0.012484 -0.0167115 0.0107212 
v 0.0124721 -0.0167168 0.0107334 
v 0.0124379 -0.0167279 0.0107654 
v 0.0124223 -0.016733 0.01078 
v 0.0123903 -0.0167398 0.0108074 
v 0.0123711 -0.0167438 0.0108239 
v 0.0123418 -0.0167469 0.0108468 
v 0.0123191 -0.0167493 0.0108646 
v 0.0122929 -0.01675 0.0108836 
v 0.0135 -0.015516 0.0109016 
v 0.012266 -0.01675 0.0109016 
v 0.0135 -0.0154585 0.0109345 
v 0.0122085 -0.01675 0.0109345 
v 0.0135 -0.0153964 0.010963 
v 0.0121464 -0.01675 0.010963 
v 0.0120805 -0.01675 0.0109868 
v 0.0120114 -0.01675 0.0110055 
v 0.0135 -0.0153305 0.0109868 
v 0.0135 -0.0151899 0.0110191 
v 0.0119399 -0.01675 0.0110191 
v 0.0135 -0.0151168 0.0110273 
v 0.0118668 -0.01675 0.0110273 
v 0.0135 -0.0150429 0.01103 
v 0.0117929 -0.01675 0.01103 
v 0.0135 -0.0152614 0.0110055 
v -0.0121464 -0.01675 0.010963 
v -0.0122085 -0.01675 0.0109345 
v -0.0120805 -0.01675 0.0109868 
v -0.0120114 -0.01675 0.0110055 
v -0.0119399 -0.01675 0.0110191 
v -0.0118668 -0.01675 0.0110273 
v -0.0117929 -0.01675 0.01103 
v -0.012266 -0.01675 0.0109016 
v -0.0122929 -0.01675 0.0108836 
v -0.01261 -0.0166364 0.010579 
v -0.0133865 -0.0158601 0.010579 
v -0.0133536 -0.0158964 0.01053 
v -0.0133885 -0.0158575 0.0105822 
v -0.0126464 -0.0166036 0.01053 
v -0.0125705 -0.0166655 0.0106275 
v -0.0134157 -0.0158207 0.0106275 
v -0.0134191 -0.0158151 0.0106339 
v -0.0126076 -0.0166386 0.0105823 
v -0.0125284 -0.0166906 0.010675 
v -0.013441 -0.0157786 0.0106751 
v -0.0134452 -0.0157697 0.0106844 
v -0.0125652 -0.0166693 0.010634 
v -0.012484 -0.0167115 0.0107212 
v -0.0134619 -0.0157342 0.0107213 
v -0.0134663 -0.0157219 0.0107332 
v -0.0125199 -0.0166955 0.0106845 
v -0.0124379 -0.0167279 0.0107654 
v -0.0134785 -0.015688 0.0107657 
v -0.0134824 -0.0156722 0.0107797 
v -0.0124721 -0.0167168 0.0107334 
v -0.0123903 -0.0167398 0.0108074 
v -0.0134904 -0.0156404 0.0108078 
v -0.0134933 -0.015621 0.0108235 
v -0.0124223 -0.016733 0.01078 
v -0.0123418 -0.0167469 0.0108468 
v -0.0134976 -0.0155919 0.0108472 
v -0.0134987 -0.015569 0.0108642 
v -0.0123711 -0.0167438 0.0108239 
v -0.0135 -0.0150429 0.01103 
v -0.0135 -0.0151168 0.0110273 
v -0.0135 -0.0151899 0.0110191 
v -0.0135 -0.0152614 0.0110055 
v -0.0135 -0.0153305 0.0109868 
v -0.0135 -0.0153964 0.010963 
v -0.0135 -0.0154585 0.0109345 
v -0.0135 -0.015516 0.0109016 
v -0.0135 -0.0155429 0.0108836 
v -0.0123191 -0.0167493 0.0108646 
v 0.0123419 0.0167476 0.01053 
v 0.0123904 0.0167404 0.01053 
v 0.012438 0.0167285 0.01053 
v 0.0124842 0.0167119 0.01053 
v 0.0125286 0.016691 0.01053 
v 0.0125707 0.0166657 0.01053 
v 0.0126101 0.0166365 0.01053 
v 0.0126445 0.0166016 0.0105823 
v 0.0126387 0.0165958 0.010634 
v 0.0122929 0.0167473 0.0105823 
v 0.0126291 0.0165862 0.0106845 
v 0.0122929 0.0167391 0.010634 
v 0.0126159 0.016573 0.0107334 
v 0.0122929 0.0167255 0.0106845 
v 0.0125991 0.0165562 0.01078 
v 0.0122929 0.0167068 0.0107334 
v 0.0125789 0.016536 0.0108239 
v 0.0122929 0.016683 0.01078 
v 0.0125556 0.0165127 0.0108646 
v 0.0122929 0.0166545 0.0108239 
v 0.0125295 0.0164866 0.0109016 
v 0.0122929 0.0166216 0.0108646 
v 0.0125007 0.0164578 0.0109345 
v 0.0122929 0.0165846 0.0109016 
v 0.0124697 0.0164268 0.010963 
v 0.0122929 0.0165439 0.0109345 
v 0.0124367 0.0163938 0.0109868 
v 0.0122929 0.0165 0.010963 
v 0.0124021 0.0163593 0.0110055 
v 0.0122929 0.0164534 0.0109868 
v 0.0123664 0.0163235 0.0110191 
v 0.0122929 0.0164045 0.0110055 
v 0.0123298 0.016287 0.0110273 
v 0.0122929 0.016354 0.0110191 
v 0.0122929 0.01625 0.01103 
v 0.0122929 0.0163023 0.0110273 
v 0.0126084 0.0166344 0.0105823 
v 0.0125692 0.0166635 0.0105823 
v 0.0125273 0.0166885 0.0105823 
v 0.0124832 0.0167094 0.0105823 
v 0.0124372 0.0167258 0.0105823 
v 0.0123899 0.0167377 0.0105823 
v 0.0123416 0.0167449 0.0105823 
v 0.0126032 0.0166281 0.010634 
v 0.0125646 0.0166567 0.010634 
v 0.0125234 0.0166813 0.010634 
v 0.0124801 0.0167018 0.010634 
v 0.0124349 0.016718 0.010634 
v 0.0123883 0.0167297 0.010634 
v 0.0123408 0.0167367 0.010634 
v 0.0125946 0.0166176 0.0106845 
v 0.0125571 0.0166454 0.0106845 
v 0.0125171 0.0166694 0.0106845 
v 0.0124749 0.0166893 0.0106845 
v 0.0124309 0.0167051 0.0106845 
v 0.0123857 0.0167164 0.0106845 
v 0.0123395 0.0167232 0.0106845 
v 0.0125827 0.0166031 0.0107334 
v 0.0125467 0.0166298 0.0107334 
v 0.0125082 0.0166528 0.0107334 
v 0.0124677 0.016672 0.0107334 
v 0.0124255 0.0166871 0.0107334 
v 0.012382 0.016698 0.0107334 
v 0.0123377 0.0167046 0.0107334 
v 0.0125676 0.0165847 0.01078 
v 0.0125335 0.01661 0.01078 
v 0.012497 0.0166319 0.01078 
v 0.0124586 0.0166501 0.01078 
v 0.0124186 0.0166644 0.01078 
v 0.0123774 0.0166747 0.01078 
v 0.0123353 0.0166809 0.01078 
v 0.0125495 0.0165627 0.0108239 
v 0.0125176 0.0165863 0.0108239 
v 0.0124836 0.0166067 0.0108239 
v 0.0124477 0.0166237 0.0108239 
v 0.0124103 0.0166371 0.0108239 
v 0.0123718 0.0166467 0.0108239 
v 0.0123325 0.0166526 0.0108239 
v 0.0125286 0.0165372 0.0108646 
v 0.0124993 0.016559 0.0108646 
v 0.0124681 0.0165777 0.0108646 
v 0.0124351 0.0165933 0.0108646 
v 0.0124008 0.0166056 0.0108646 
v 0.0123654 0.0166144 0.0108646 
v 0.0123293 0.0166198 0.0108646 
v 0.0125051 0.0165086 0.0109016 
v 0.0124788 0.0165282 0.0109016 
v 0.0124506 0.0165451 0.0109016 
v 0.0124209 0.0165591 0.0109016 
v 0.01239 0.0165702 0.0109016 
v 0.0123582 0.0165781 0.0109016 
v 0.0123257 0.016583 0.0109016 
v 0.0124793 0.0164772 0.0109345 
v 0.0124562 0.0164944 0.0109345 
v 0.0124314 0.0165092 0.0109345 
v 0.0124054 0.0165215 0.0109345 
v 0.0123782 0.0165312 0.0109345 
v 0.0123502 0.0165382 0.0109345 
v 0.0123217 0.0165425 0.0109345 
v 0.0124515 0.0164433 0.010963 
v 0.0124318 0.0164579 0.010963 
v 0.0124107 0.0164705 0.010963 
v 0.0123886 0.016481 0.010963 
v 0.0123655 0.0164892 0.010963 
v 0.0123417 0.0164952 0.010963 
v 0.0123174 0.0164988 0.010963 
v 0.0124219 0.0164072 0.0109868 
v 0.0124059 0.0164191 0.0109868 
v 0.0123888 0.0164294 0.0109868 
v 0.0123707 0.0164379 0.0109868 
v 0.0123519 0.0164446 0.0109868 
v 0.0123326 0.0164495 0.0109868 
v 0.0123128 0.0164524 0.0109868 
v 0.0123909 0.0163694 0.0110055 
v 0.0123787 0.0163785 0.0110055 
v 0.0123657 0.0163863 0.0110055 
v 0.012352 0.0163927 0.0110055 
v 0.0123377 0.0163979 0.0110055 
v 0.012323 0.0164015 0.0110055 
v 0.012308 0.0164038 0.0110055 
v 0.0123588 0.0163304 0.0110191 
v 0.0123506 0.0163364 0.0110191 
v 0.0123419 0.0163417 0.0110191 
v 0.0123327 0.016346 0.0110191 
v 0.0123231 0.0163495 0.0110191 
v 0.0123132 0.016352 0.0110191 
v 0.0123031 0.0163535 0.0110191 
v 0.012326 0.0162904 0.0110273 
v 0.0123219 0.0162935 0.0110273 
v 0.0123175 0.0162961 0.0110273 
v 0.0123129 0.0162983 0.0110273 
v 0.0123081 0.0163 0.0110273 
v 0.0123031 0.0163013 0.0110273 
v 0.012298 0.016302 0.0110273 
v 0.0135 0.0150429 0.01103 
v 0.0135 0.0151168 0.0110273 
v 0.0135 0.0151899 0.0110191 
v 0.0135 0.0152614 0.0110055 
v 0.0135 0.0153305 0.0109868 
v 0.0135 0.0153964 0.010963 
v 0.0135 0.0154585 0.0109345 
v 0.0135 0.015516 0.0109016 
v -0.0130523 -0.00117226 0.0110273 
v -0.013 -0.00112 0.01103 
v -0.0131545 -0.00127451 0.0110055 
v -0.013104 -0.00122396 0.0110191 
v -0.01325 -0.00137 0.010963 
v -0.0132034 -0.00132337 0.0109868 
v -0.0132939 -0.00141389 0.0109345 
v -0.0133346 -0.00145457 0.0109016 
v -0.0133716 -0.00149157 0.0108646 
v -0.0134045 -0.00152451 0.0108239 
v -0.013433 -0.00155301 0.01078 
v -0.0134193 -0.00153934 0.0108023 
v -0.0134568 -0.00157677 0.0107334 
v -0.0134455 -0.0015655 0.010757 
v -0.0134755 -0.00159553 0.0106845 
v -0.0134668 -0.00158679 0.0107092 
v -0.0134891 -0.00160907 0.010634 
v -0.013483 -0.00160296 0.0106594 
v -0.0134973 -0.00161726 0.0105823 
v -0.0134938 -0.00161384 0.0106082 
v -0.0135 -0.00162 0.01053 
v -0.0134993 -0.00161931 0.0105562 
v -0.0125 -0.00117226 0.0110273 
v -0.0125 -0.00112 0.01103 
v -0.0125 -0.00122396 0.0110191 
v -0.0125 -0.00127451 0.0110055 
v -0.0125 -0.00132337 0.0109868 
v -0.0125 -0.00137 0.010963 
v -0.0125 -0.00141389 0.0109345 
v -0.0125 -0.00145457 0.0109016 
v -0.0125 -0.00149157 0.0108646 
v -0.0125 -0.00152451 0.0108239 
v -0.0125 -0.00155301 0.01078 
v -0.0125 -0.00157677 0.0107334 
v -0.0125 -0.00159553 0.0106845 
v -0.0125 -0.00160907 0.010634 
v -0.0125 -0.00161726 0.0105823 
v -0.0125 -0.00162 0.01053 
v -0.0135 -0.00162 0.00853 
v -0.0125 -0.00162 0.00853 
v -0.0125 -0.00162274 0.00847774 
v -0.0125 -0.00163093 0.00842604 
v -0.0135 -0.00162274 0.00847774 
v -0.0125 -0.00164447 0.00837549 
v -0.0135 -0.00163093 0.00842604 
v -0.0125 -0.00166323 0.00832663 
v -0.0135 -0.00164447 0.00837549 
v -0.0125 -0.00168699 0.00828 
v -0.0135 -0.00166323 0.00832663 
v -0.0125 -0.00171549 0.00823611 
v -0.0135 -0.00168699 0.00828 
v -0.0125 -0.00174843 0.00819543 
v -0.0135 -0.00171549 0.00823611 
v -0.0125 -0.00178543 0.00815843 
v -0.0135 -0.00174843 0.00819543 
v -0.0125 -0.00182611 0.00812549 
v -0.0135 -0.00178543 0.00815843 
v -0.0125 -0.00187 0.00809699 
v -0.0135 -0.00182611 0.00812549 
v -0.0125 -0.00191663 0.00807323 
v -0.0135 -0.00187 0.00809699 
v -0.0125 -0.00196549 0.00805447 
v -0.0135 -0.00191663 0.00807323 
v -0.0125 -0.00201604 0.00804093 
v -0.0135 -0.00196549 0.00805447 
v -0.0125 -0.00206774 0.00803274 
v -0.0135 -0.00201604 0.00804093 
v -0.0125 -0.00212 0.00803 
v -0.0135 -0.00206774 0.00803274 
v -0.0135 -0.00212 0.00803 
v -0.0135 -0.01212 0.00803 
v -0.0125 -0.01212 0.00803 
v -0.0135 -0.0126173 0.00847774 
v -0.0135 -0.01262 0.00853 
v -0.0125 -0.01262 0.00853 
v -0.0135 -0.0126091 0.00842604 
v -0.0125 -0.0126173 0.00847774 
v -0.0135 -0.0125955 0.00837549 
v -0.0125 -0.0126091 0.00842604 
v -0.0135 -0.0125768 0.00832663 
v -0.0125 -0.0125955 0.00837549 
v -0.0135 -0.012553 0.00828 
v -0.0125 -0.0125768 0.00832663 
v -0.0135 -0.0125245 0.00823611 
v -0.0125 -0.012553 0.00828 
v -0.0135 -0.0124916 0.00819543 
v -0.0125 -0.0125245 0.00823611 
v -0.0135 -0.0124546 0.00815843 
v -0.0125 -0.0124916 0.00819543 
v -0.0135 -0.0124139 0.00812549 
v -0.0125 -0.0124546 0.00815843 
v -0.0135 -0.01237 0.00809699 
v -0.0125 -0.0124139 0.00812549 
v -0.0135 -0.0123234 0.00807323 
v -0.0125 -0.01237 0.00809699 
v -0.0135 -0.0122745 0.00805447 
v -0.0125 -0.0123234 0.00807323 
v -0.0135 -0.012224 0.00804093 
v -0.0125 -0.0122745 0.00805447 
v -0.0135 -0.0121723 0.00803274 
v -0.0125 -0.012224 0.00804093 
v -0.0125 -0.0121723 0.00803274 
v -0.0135 -0.0126309 0.010634 
v -0.0135 -0.0127155 0.0108239 
v -0.0135 -0.012687 0.01078 
v -0.0135 -0.0128261 0.0109345 
v -0.0135 -0.0127854 0.0109016 
v -0.0135 -0.01262 0.01053 
v -0.0135 -0.0129166 0.0109868 
v -0.0135 -0.01287 0.010963 
v -0.0135 -0.0126632 0.0107334 
v -0.0135 -0.0127484 0.0108646 
v -0.0135 -0.0129655 0.0110055 
v -0.0135 -0.0126227 0.0105823 
v -0.0135 -0.013016 0.0110191 
v -0.0135 -0.01312 0.01103 
v -0.0135 -0.0130677 0.0110273 
v -0.0135 -0.0126445 0.0106845 
v -0.0125 -0.01262 0.01053 
v -0.0125 -0.01312 0.01103 
v -0.0125 -0.0130677 0.0110273 
v -0.0125 -0.013016 0.0110191 
v -0.0125 -0.0129655 0.0110055 
v -0.0125 -0.0129166 0.0109868 
v -0.0125 -0.01287 0.010963 
v -0.0125 -0.0128261 0.0109345 
v -0.0125 -0.0127854 0.0109016 
v -0.0125 -0.0127484 0.0108646 
v -0.0125 -0.0127155 0.0108239 
v -0.0125 -0.012687 0.01078 
v -0.0125 -0.0126632 0.0107334 
v -0.0125 -0.0126445 0.0106845 
v -0.0125 -0.0126309 0.010634 
v -0.0125 -0.0126227 0.0105823 
v -0.0125 0.01575 0.00603 
v -0.0125 0.01575 0.01103 
v -0.0125 -0.01575 0.00603 
v -0.0125 -0.01575 0.01103 
v 0.0125 -0.01575 0.01103 
v 0.0125 -0.01575 0.00603 
v 0.0125 0.01575 0.00603 
v 0.0125 0.01575 0.01103 
v 0.0125 0.00112 0.01103 
v 0.0135 0.00112 0.01103 
v 0.0125 0.01312 0.01103 
v 0.0135 0.01312 0.01103 
v 0.0125 0.0130677 0.0110273 
v 0.0135 0.0130677 0.0110273 
v 0.0125 0.013016 0.0110191 
v 0.0135 0.013016 0.0110191 
v 0.0125 0.0129655 0.0110055 
v 0.0135 0.0129655 0.0110055 
v 0.0125 0.0129166 0.0109868 
v 0.0135 0.0129166 0.0109868 
v 0.0125 0.01287 0.010963 
v 0.0135 0.01287 0.010963 
v 0.0125 0.0128261 0.0109345 
v 0.0135 0.0128261 0.0109345 
v 0.0125 0.0127854 0.0109016 
v 0.0135 0.0127854 0.0109016 
v 0.0125 0.0127484 0.0108646 
v 0.0135 0.0127484 0.0108646 
v 0.0125 0.0127155 0.0108239 
v 0.0135 0.0127155 0.0108239 
v 0.0125 0.012687 0.01078 
v 0.0135 0.012687 0.01078 
v 0.0125 0.0126632 0.0107334 
v 0.0135 0.0126632 0.0107334 
v 0.0125 0.0126445 0.0106845 
v 0.0135 0.0126445 0.0106845 
v 0.0125 0.0126309 0.010634 
v 0.0135 0.0126309 0.010634 
v 0.0125 0.0126227 0.0105823 
v 0.0135 0.0126227 0.0105823 
v 0.0125 0.01262 0.01053 
v 0.0135 0.01262 0.01053 
v 0.0125 0.01262 0.00853 
v 0.0135 0.01262 0.00853 
v 0.0125 0.0121723 0.00803274 
v 0.0125 0.01212 0.00803 
v 0.0135 0.01212 0.00803 
v 0.0125 0.012224 0.00804093 
v 0.0135 0.0121723 0.00803274 
v 0.0125 0.0122745 0.00805447 
v 0.0135 0.012224 0.00804093 
v 0.0125 0.0123234 0.00807323 
v 0.0135 0.0122745 0.00805447 
v 0.0125 0.01237 0.00809699 
v 0.0135 0.0123234 0.00807323 
v 0.0125 0.0124139 0.00812549 
v 0.0135 0.01237 0.00809699 
v 0.0125 0.0124546 0.00815843 
v 0.0135 0.0124139 0.00812549 
v 0.0125 0.0124916 0.00819543 
v 0.0135 0.0124546 0.00815843 
v 0.0125 0.0125245 0.00823611 
v 0.0135 0.0124916 0.00819543 
v 0.0125 0.012553 0.00828 
v 0.0135 0.0125245 0.00823611 
v 0.0125 0.0125768 0.00832663 
v 0.0135 0.012553 0.00828 
v 0.0125 0.0125955 0.00837549 
v 0.0135 0.0125768 0.00832663 
v 0.0125 0.0126091 0.00842604 
v 0.0135 0.0125955 0.00837549 
v 0.0125 0.0126173 0.00847774 
v 0.0135 0.0126091 0.00842604 
v 0.0135 0.0126173 0.00847774 
v 0.0125 0.00212 0.00803 
v 0.0135 0.00212 0.00803 
v 0.0135 0.00145457 0.0109016 
v 0.0135 0.00162274 0.00847774 
v 0.0135 0.00162 0.00853 
v 0.0135 0.00149157 0.0108646 
v 0.0135 0.00117226 0.0110273 
v 0.0135 0.00163093 0.00842604 
v 0.0135 0.00152451 0.0108239 
v 0.0135 0.00122396 0.0110191 
v 0.0135 0.00155301 0.01078 
v 0.0135 0.00127451 0.0110055 
v 0.0135 0.00157677 0.0107334 
v 0.0135 0.00132337 0.0109868 
v 0.0135 0.00160907 0.010634 
v 0.0135 0.00162 0.01053 
v 0.0135 0.00159553 0.0106845 
v 0.0135 0.00137 0.010963 
v 0.0135 0.00141389 0.0109345 
v 0.0135 0.00164447 0.00837549 
v 0.0135 0.00191663 0.00807323 
v 0.0135 0.00171549 0.00823611 
v 0.0135 0.00168699 0.00828 
v 0.0135 0.00187 0.00809699 
v 0.0135 0.00182611 0.00812549 
v 0.0135 0.00196549 0.00805447 
v 0.0135 0.00166323 0.00832663 
v 0.0135 0.00178543 0.00815843 
v 0.0135 0.00174843 0.00819543 
v 0.0135 0.00206774 0.00803274 
v 0.0135 0.00201604 0.00804093 
v 0.0135 0.00161726 0.0105823 
v 0.0125 0.00161726 0.0105823 
v 0.0125 0.00157677 0.0107334 
v 0.0125 0.00159553 0.0106845 
v 0.0125 0.00160907 0.010634 
v 0.0125 0.00162 0.01053 
v 0.0125 0.00152451 0.0108239 
v 0.0125 0.00155301 0.01078 
v 0.0125 0.00141389 0.0109345 
v 0.0125 0.00145457 0.0109016 
v 0.0125 0.00127451 0.0110055 
v 0.0125 0.00132337 0.0109868 
v 0.0125 0.00149157 0.0108646 
v 0.0125 0.00122396 0.0110191 
v 0.0125 0.00137 0.010963 
v 0.0125 0.00117226 0.0110273 
v 0.0125 0.00162 0.00853 
v 0.0125 0.00166323 0.00832663 
v 0.0125 0.00168699 0.00828 
v 0.0125 0.00163093 0.00842604 
v 0.0125 0.00164447 0.00837549 
v 0.0125 0.00162274 0.00847774 
v 0.0125 0.00206774 0.00803274 
v 0.0125 0.00178543 0.00815843 
v 0.0125 0.00182611 0.00812549 
v 0.0125 0.00171549 0.00823611 
v 0.0125 0.00174843 0.00819543 
v 0.0125 0.00187 0.00809699 
v 0.0125 0.00191663 0.00807323 
v 0.0125 0.00196549 0.00805447 
v 0.0125 0.00201604 0.00804093 
vn 0.994138 0.108119 0 
vn 1 2.44929e-16 0 
vn 0.976621 0.21497 0 
vn 0.994138 0.108119 0 
vn 0.947653 0.319302 0 
vn 0.976621 0.21497 0 
vn 0.907575 0.419889 0 
vn 0.947653 0.319302 0 
vn 0.856857 0.515554 0 
vn 0.907575 0.419889 0 
vn 0.796093 0.605174 0 
vn 0.856857 0.515554 0 
vn 0.725995 0.687699 0 
vn 0.796093 0.605174 0 
vn 0.647386 0.762162 0 
vn 0.725995 0.687699 0 
vn 0.561187 0.827689 0 
vn 0.647386 0.762162 0 
vn 0.468408 0.883512 0 
vn 0.561187 0.827689 0 
vn 0.370138 0.928977 0 
vn 0.468408 0.883512 0 
vn 0.267528 0.96355 0 
vn 0.370138 0.928977 0 
vn 0.161782 0.986827 0 
vn 0.267528 0.96355 0 
vn 0.0541389 0.998533 0 
vn 0.161782 0.986827 0 
vn -0.0541389 0.998533 0 
vn 0.0541389 0.998533 0 
vn -0.161782 0.986827 0 
vn -0.0541389 0.998533 0 
vn -0.267528 0.96355 0 
vn -0.161782 0.986827 0 
vn -0.370138 0.928977 0 
vn -0.267528 0.96355 0 
vn -0.468408 0.883512 0 
vn -0.370138 0.928977 0 
vn -0.561187 0.827689 0 
vn -0.468408 0.883512 0 
vn -0.647386 0.762162 0 
vn -0.561187 0.827689 0 
vn -0.725995 0.687699 0 
vn -0.647386 0.762162 0 
vn -0.796093 0.605174 0 
vn -0.725995 0.687699 0 
vn -0.856857 0.515554 0 
vn -0.796093 0.605174 0 
vn -0.907575 0.419889 0 
vn -0.856857 0.515554 0 
vn -0.947653 0.319302 0 
vn -0.907575 0.419889 0 
vn -0.976621 0.21497 0 
vn -0.947653 0.319302 0 
vn -0.994138 0.108119 0 
vn -0.976621 0.21497 0 
vn -1 -1.22465e-16 0 
vn -0.994138 0.108119 0 
vn -0.994138 -0.108119 0 
vn -1 -1.22465e-16 0 
vn -0.976621 -0.21497 0 
vn -0.994138 -0.108119 0 
vn -0.947653 -0.319302 0 
vn -0.976621 -0.21497 0 
vn -0.907575 -0.419889 0 
vn -0.947653 -0.319302 0 
vn -0.856857 -0.515554 0 
vn -0.907575 -0.419889 0 
vn -0.796093 -0.605174 0 
vn -0.856857 -0.515554 0 
vn -0.725995 -0.687699 0 
vn -0.796093 -0.605174 0 
vn -0.647386 -0.762162 0 
vn -0.725995 -0.687699 0 
vn -0.561187 -0.827689 0 
vn -0.647386 -0.762162 0 
vn -0.468408 -0.883512 0 
vn -0.561187 -0.827689 0 
vn -0.370138 -0.928977 0 
vn -0.468408 -0.883512 0 
vn -0.267528 -0.96355 0 
vn -0.370138 -0.928977 0 
vn -0.161782 -0.986827 0 
vn -0.267528 -0.96355 0 
vn -0.0541389 -0.998533 0 
vn -0.161782 -0.986827 0 
vn 0.0541389 -0.998533 0 
vn -0.0541389 -0.998533 0 
vn 0.161782 -0.986827 0 
vn 0.0541389 -0.998533 0 
vn 0.267528 -0.96355 0 
vn 0.161782 -0.986827 0 
vn 0.370138 -0.928977 0 
vn 0.267528 -0.96355 0 
vn 0.468408 -0.883512 0 
vn 0.370138 -0.928977 0 
vn 0.561187 -0.827689 0 
vn 0.468408 -0.883512 0 
vn 0.647386 -0.762162 0 
vn 0.561187 -0.827689 0 
vn 0.725995 -0.687699 0 
vn 0.647386 -0.762162 0 
vn 0.796093 -0.605174 0 
vn 0.725995 -0.687699 0 
vn 0.856857 -0.515554 0 
vn 0.796093 -0.605174 0 
vn 0.907575 -0.419889 0 
vn 0.856857 -0.515554 0 
vn 0.947653 -0.319302 0 
vn 0.907575 -0.419889 0 
vn 0.976621 -0.21497 0 
vn 0.947653 -0.319302 0 
vn 0.994138 -0.108119 0 
vn 0.976621 -0.21497 0 
vn 0 0 1 
vn 0.994138 0.108119 0 
vn 1 2.44929e-16 0 
vn 0.976621 0.21497 0 
vn 0.994138 0.108119 0 
vn 0.947653 0.319302 0 
vn 0.976621 0.21497 0 
vn 0.907575 0.419889 0 
vn 0.947653 0.319302 0 
vn 0.856857 0.515554 0 
vn 0.907575 0.419889 0 
vn 0.796093 0.605174 0 
vn 0.856857 0.515554 0 
vn 0.725995 0.687699 0 
vn 0.796093 0.605174 0 
vn 0.647386 0.762162 0 
vn 0.725995 0.687699 0 
vn 0.561187 0.827689 0 
vn 0.647386 0.762162 0 
vn 0.468408 0.883512 0 
vn 0.561187 0.827689 0 
vn 0.370138 0.928977 0 
vn 0.468408 0.883512 0 
vn 0.267528 0.96355 0 
vn 0.370138 0.928977 0 
vn 0.161782 0.986827 0 
vn 0.267528 0.96355 0 
vn 0.0541389 0.998533 0 
vn 0.161782 0.986827 0 
vn -0.0541389 0.998533 0 
vn 0.0541389 0.998533 0 
vn -0.161782 0.986827 0 
vn -0.0541389 0.998533 0 
vn -0.267528 0.96355 0 
vn -0.161782 0.986827 0 
vn -0.370138 0.928977 0 
vn -0.267528 0.96355 0 
vn -0.468408 0.883512 0 
vn -0.370138 0.928977 0 
vn -0.561187 0.827689 0 
vn -0.468408 0.883512 0 
vn -0.647386 0.762162 0 
vn -0.561187 0.827689 0 
vn -0.725995 0.687699 0 
vn -0.647386 0.762162 0 
vn -0.796093 0.605174 0 
vn -0.725995 0.687699 0 
vn -0.856857 0.515554 0 
vn -0.796093 0.605174 0 
vn -0.907575 0.419889 0 
vn -0.856857 0.515554 0 
vn -0.947653 0.319302 0 
vn -0.907575 0.419889 0 
vn -0.976621 0.21497 0 
vn -0.947653 0.319302 0 
vn -0.994138 0.108119 0 
vn -0.976621 0.21497 0 
vn -1 -1.22465e-16 0 
vn -0.994138 0.108119 0 
vn -0.994138 -0.108119 0 
vn -1 -1.22465e-16 0 
vn -0.976621 -0.21497 0 
vn -0.994138 -0.108119 0 
vn -0.947653 -0.319302 0 
vn -0.976621 -0.21497 0 
vn -0.907575 -0.419889 0 
vn -0.947653 -0.319302 0 
vn -0.856857 -0.515554 0 
vn -0.907575 -0.419889 0 
vn -0.796093 -0.605174 0 
vn -0.856857 -0.515554 0 
vn -0.725995 -0.687699 0 
vn -0.796093 -0.605174 0 
vn -0.647386 -0.762162 0 
vn -0.725995 -0.687699 0 
vn -0.561187 -0.827689 0 
vn -0.647386 -0.762162 0 
vn -0.468408 -0.883512 0 
vn -0.561187 -0.827689 0 
vn -0.370138 -0.928977 0 
vn -0.468408 -0.883512 0 
vn -0.267528 -0.96355 0 
vn -0.370138 -0.928977 0 
vn -0.161782 -0.986827 0 
vn -0.267528 -0.96355 0 
vn -0.0541389 -0.998533 0 
vn -0.161782 -0.986827 0 
vn 0.0541389 -0.998533 0 
vn -0.0541389 -0.998533 0 
vn 0.161782 -0.986827 0 
vn 0.0541389 -0.998533 0 
vn 0.267528 -0.96355 0 
vn 0.161782 -0.986827 0 
vn 0.370138 -0.928977 0 
vn 0.267528 -0.96355 0 
vn 0.468408 -0.883512 0 
vn 0.370138 -0.928977 0 
vn 0.561187 -0.827689 0 
vn 0.468408 -0.883512 0 
vn 0.647386 -0.762162 0 
vn 0.561187 -0.827689 0 
vn 0.725995 -0.687699 0 
vn 0.647386 -0.762162 0 
vn 0.796093 -0.605174 0 
vn 0.725995 -0.687699 0 
vn 0.856857 -0.515554 0 
vn 0.796093 -0.605174 0 
vn 0.907575 -0.419889 0 
vn 0.856857 -0.515554 0 
vn 0.947653 -0.319302 0 
vn 0.907575 -0.419889 0 
vn 0.976621 -0.21497 0 
vn 0.947653 -0.319302 0 
vn 0.994138 -0.108119 0 
vn 0.976621 -0.21497 0 
vn 0 0 -1 
vn 1 1.75446e-16 0 
vn 0 1 0 
vn -1 -1.75446e-16 0 
vn 0 -1 0 
vn 1 1.22465e-16 0 
vn 0.994522 -0.104528 0 
vn 0.978148 -0.207912 0 
vn 0.951057 -0.309017 0 
vn 0.913545 -0.406737 0 
vn 0.866025 -0.5 0 
vn 0.809017 -0.587785 0 
vn 0.743145 -0.669131 0 
vn 0.669131 -0.743145 0 
vn 0.587785 -0.809017 0 
vn 0.5 -0.866025 0 
vn 0.406737 -0.913545 0 
vn 0.309017 -0.951057 0 
vn 0.207912 -0.978148 0 
vn 0.104528 -0.994522 0 
vn 1.83697e-16 -1 0 
vn 1 0 0 
vn 0.994522 0.104528 0 
vn 0.978148 0.207912 0 
vn 0.951057 0.309017 0 
vn 0.913545 0.406737 0 
vn 0.866025 0.5 0 
vn 0.809017 0.587785 0 
vn 0.743145 0.669131 0 
vn 0.669131 0.743145 0 
vn 0.587785 0.809017 0 
vn 0.5 0.866025 0 
vn 0.406737 0.913545 0 
vn 0.309017 0.951057 0 
vn 0.207912 0.978148 0 
vn 0.104528 0.994522 0 
vn 6.12323e-17 1 0 
vn -1 0 0 
vn -0.994522 0.104528 0 
vn -0.978148 0.207912 0 
vn -0.951057 0.309017 0 
vn -0.913545 0.406737 0 
vn -0.866025 0.5 0 
vn -0.809017 0.587785 0 
vn -0.743145 0.669131 0 
vn -0.669131 0.743145 0 
vn -0.587785 0.809017 0 
vn -0.5 0.866025 0 
vn -0.406737 0.913545 0 
vn -0.309017 0.951057 0 
vn -0.207912 0.978148 0 
vn -0.104528 0.994522 0 
vn -6.12323e-17 1 0 
vn -1 1.22465e-16 0 
vn -0.994522 -0.104528 0 
vn -0.978148 -0.207912 0 
vn -0.951057 -0.309017 0 
vn -0.913545 -0.406737 0 
vn -0.866025 -0.5 0 
vn -0.809017 -0.587785 0 
vn -0.743145 -0.669131 0 
vn -0.669131 -0.743145 0 
vn -0.587785 -0.809017 0 
vn -0.5 -0.866025 0 
vn -0.406737 -0.913545 0 
vn -0.309017 -0.951057 0 
vn -0.207912 -0.978148 0 
vn -0.104528 -0.994522 0 
vn -1.83697e-16 -1 0 
vn 0.994138 0.108119 0 
vn 1 2.44929e-16 0 
vn 0.976621 0.21497 0 
vn 0.994138 0.108119 0 
vn 0.947653 0.319302 0 
vn 0.976621 0.21497 0 
vn 0.907575 0.419889 0 
vn 0.947653 0.319302 0 
vn 0.856857 0.515554 0 
vn 0.907575 0.419889 0 
vn 0.796093 0.605174 0 
vn 0.856857 0.515554 0 
vn 0.725995 0.687699 0 
vn 0.796093 0.605174 0 
vn 0.647386 0.762162 0 
vn 0.725995 0.687699 0 
vn 0.561187 0.827689 0 
vn 0.647386 0.762162 0 
vn 0.468408 0.883512 0 
vn 0.561187 0.827689 0 
vn 0.370138 0.928977 0 
vn 0.468408 0.883512 0 
vn 0.267528 0.96355 0 
vn 0.370138 0.928977 0 
vn 0.161782 0.986827 0 
vn 0.267528 0.96355 0 
vn 0.0541389 0.998533 0 
vn 0.161782 0.986827 0 
vn -0.0541389 0.998533 0 
vn 0.0541389 0.998533 0 
vn -0.161782 0.986827 0 
vn -0.0541389 0.998533 0 
vn -0.267528 0.96355 0 
vn -0.161782 0.986827 0 
vn -0.370138 0.928977 0 
vn -0.267528 0.96355 0 
vn -0.468408 0.883512 0 
vn -0.370138 0.928977 0 
vn -0.561187 0.827689 0 
vn -0.468408 0.883512 0 
vn -0.647386 0.762162 0 
vn -0.561187 0.827689 0 
vn -0.725995 0.687699 0 
vn -0.647386 0.762162 0 
vn -0.796093 0.605174 0 
vn -0.725995 0.687699 0 
vn -0.856857 0.515554 0 
vn -0.796093 0.605174 0 
vn -0.907575 0.419889 0 
vn -0.856857 0.515554 0 
vn -0.947653 0.319302 0 
vn -0.907575 0.419889 0 
vn -0.976621 0.21497 0 
vn -0.947653 0.319302 0 
vn -0.994138 0.108119 0 
vn -0.976621 0.21497 0 
vn -1 -1.22465e-16 0 
vn -0.994138 0.108119 0 
vn -0.994138 -0.108119 0 
vn -1 -1.22465e-16 0 
vn -0.976621 -0.21497 0 
vn -0.994138 -0.108119 0 
vn -0.947653 -0.319302 0 
vn -0.976621 -0.21497 0 
vn -0.907575 -0.419889 0 
vn -0.947653 -0.319302 0 
vn -0.856857 -0.515554 0 
vn -0.907575 -0.419889 0 
vn -0.796093 -0.605174 0 
vn -0.856857 -0.515554 0 
vn -0.725995 -0.687699 0 
vn -0.796093 -0.605174 0 
vn -0.647386 -0.762162 0 
vn -0.725995 -0.687699 0 
vn -0.561187 -0.827689 0 
vn -0.647386 -0.762162 0 
vn -0.468408 -0.883512 0 
vn -0.561187 -0.827689 0 
vn -0.370138 -0.928977 0 
vn -0.468408 -0.883512 0 
vn -0.267528 -0.96355 0 
vn -0.370138 -0.928977 0 
vn -0.161782 -0.986827 0 
vn -0.267528 -0.96355 0 
vn -0.0541389 -0.998533 0 
vn -0.161782 -0.986827 0 
vn 0.0541389 -0.998533 0 
vn -0.0541389 -0.998533 0 
vn 0.161782 -0.986827 0 
vn 0.0541389 -0.998533 0 
vn 0.267528 -0.96355 0 
vn 0.161782 -0.986827 0 
vn 0.370138 -0.928977 0 
vn 0.267528 -0.96355 0 
vn 0.468408 -0.883512 0 
vn 0.370138 -0.928977 0 
vn 0.561187 -0.827689 0 
vn 0.468408 -0.883512 0 
vn 0.647386 -0.762162 0 
vn 0.561187 -0.827689 0 
vn 0.725995 -0.687699 0 
vn 0.647386 -0.762162 0 
vn 0.796093 -0.605174 0 
vn 0.725995 -0.687699 0 
vn 0.856857 -0.515554 0 
vn 0.796093 -0.605174 0 
vn 0.907575 -0.419889 0 
vn 0.856857 -0.515554 0 
vn 0.947653 -0.319302 0 
vn 0.907575 -0.419889 0 
vn 0.976621 -0.21497 0 
vn 0.947653 -0.319302 0 
vn 0.994138 -0.108119 0 
vn 0.976621 -0.21497 0 
vn 0.994138 0.108119 0 
vn 1 2.44929e-16 0 
vn 0.976621 0.21497 0 
vn 0.994138 0.108119 0 
vn 0.947653 0.319302 0 
vn 0.976621 0.21497 0 
vn 0.907575 0.419889 0 
vn 0.947653 0.319302 0 
vn 0.856857 0.515554 0 
vn 0.907575 0.419889 0 
vn 0.796093 0.605174 0 
vn 0.856857 0.515554 0 
vn 0.725995 0.687699 0 
vn 0.796093 0.605174 0 
vn 0.647386 0.762162 0 
vn 0.725995 0.687699 0 
vn 0.561187 0.827689 0 
vn 0.647386 0.762162 0 
vn 0.468408 0.883512 0 
vn 0.561187 0.827689 0 
vn 0.370138 0.928977 0 
vn 0.468408 0.883512 0 
vn 0.267528 0.96355 0 
vn 0.370138 0.928977 0 
vn 0.161782 0.986827 0 
vn 0.267528 0.96355 0 
vn 0.0541389 0.998533 0 
vn 0.161782 0.986827 0 
vn -0.0541389 0.998533 0 
vn 0.0541389 0.998533 0 
vn -0.161782 0.986827 0 
vn -0.0541389 0.998533 0 
vn -0.267528 0.96355 0 
vn -0.161782 0.986827 0 
vn -0.370138 0.928977 0 
vn -0.267528 0.96355 0 
vn -0.468408 0.883512 0 
vn -0.370138 0.928977 0 
vn -0.561187 0.827689 0 
vn -0.468408 0.883512 0 
vn -0.647386 0.762162 0 
vn -0.561187 0.827689 0 
vn -0.725995 0.687699 0 
vn -0.647386 0.762162 0 
vn -0.796093 0.605174 0 
vn -0.725995 0.687699 0 
vn -0.856857 0.515554 0 
vn -0.796093 0.605174 0 
vn -0.907575 0.419889 0 
vn -0.856857 0.515554 0 
vn -0.947653 0.319302 0 
vn -0.907575 0.419889 0 
vn -0.976621 0.21497 0 
vn -0.947653 0.319302 0 
vn -0.994138 0.108119 0 
vn -0.976621 0.21497 0 
vn -1 -1.22465e-16 0 
vn -0.994138 0.108119 0 
vn -0.994138 -0.108119 0 
vn -1 -1.22465e-16 0 
vn -0.976621 -0.21497 0 
vn -0.994138 -0.108119 0 
vn -0.947653 -0.319302 0 
vn -0.976621 -0.21497 0 
vn -0.907575 -0.419889 0 
vn -0.947653 -0.319302 0 
vn -0.856857 -0.515554 0 
vn -0.907575 -0.419889 0 
vn -0.796093 -0.605174 0 
vn -0.856857 -0.515554 0 
vn -0.725995 -0.687699 0 
vn -0.796093 -0.605174 0 
vn -0.647386 -0.762162 0 
vn -0.725995 -0.687699 0 
vn -0.561187 -0.827689 0 
vn -0.647386 -0.762162 0 
vn -0.468408 -0.883512 0 
vn -0.561187 -0.827689 0 
vn -0.370138 -0.928977 0 
vn -0.468408 -0.883512 0 
vn -0.267528 -0.96355 0 
vn -0.370138 -0.928977 0 
vn -0.161782 -0.986827 0 
vn -0.267528 -0.96355 0 
vn -0.0541389 -0.998533 0 
vn -0.161782 -0.986827 0 
vn 0.0541389 -0.998533 0 
vn -0.0541389 -0.998533 0 
vn 0.161782 -0.986827 0 
vn 0.0541389 -0.998533 0 
vn 0.267528 -0.96355 0 
vn 0.161782 -0.986827 0 
vn 0.370138 -0.928977 0 
vn 0.267528 -0.96355 0 
vn 0.468408 -0.883512 0 
vn 0.370138 -0.928977 0 
vn 0.561187 -0.827689 0 
vn 0.468408 -0.883512 0 
vn 0.647386 -0.762162 0 
vn 0.561187 -0.827689 0 
vn 0.725995 -0.687699 0 
vn 0.647386 -0.762162 0 
vn 0.796093 -0.605174 0 
vn 0.725995 -0.687699 0 
vn 0.856857 -0.515554 0 
vn 0.796093 -0.605174 0 
vn 0.907575 -0.419889 0 
vn 0.856857 -0.515554 0 
vn 0.947653 -0.319302 0 
vn 0.907575 -0.419889 0 
vn 0.976621 -0.21497 0 
vn 0.947653 -0.319302 0 
vn 0.994138 -0.108119 0 
vn 0.976621 -0.21497 0 
vn 0.994138 0.108119 0 
vn 1 2.44929e-16 0 
vn 0.976621 0.21497 0 
vn 0.994138 0.108119 0 
vn 0.947653 0.319302 0 
vn 0.976621 0.21497 0 
vn 0.907575 0.419889 0 
vn 0.947653 0.319302 0 
vn 0.856857 0.515554 0 
vn 0.907575 0.419889 0 
vn 0.796093 0.605174 0 
vn 0.856857 0.515554 0 
vn 0.725995 0.687699 0 
vn 0.796093 0.605174 0 
vn 0.647386 0.762162 0 
vn 0.725995 0.687699 0 
vn 0.561187 0.827689 0 
vn 0.647386 0.762162 0 
vn 0.468408 0.883512 0 
vn 0.561187 0.827689 0 
vn 0.370138 0.928977 0 
vn 0.468408 0.883512 0 
vn 0.267528 0.96355 0 
vn 0.370138 0.928977 0 
vn 0.161782 0.986827 0 
vn 0.267528 0.96355 0 
vn 0.0541389 0.998533 0 
vn 0.161782 0.986827 0 
vn -0.0541389 0.998533 0 
vn 0.0541389 0.998533 0 
vn -0.161782 0.986827 0 
vn -0.0541389 0.998533 0 
vn -0.267528 0.96355 0 
vn -0.161782 0.986827 0 
vn -0.370138 0.928977 0 
vn -0.267528 0.96355 0 
vn -0.468408 0.883512 0 
vn -0.370138 0.928977 0 
vn -0.561187 0.827689 0 
vn -0.468408 0.883512 0 
vn -0.647386 0.762162 0 
vn -0.561187 0.827689 0 
vn -0.725995 0.687699 0 
vn -0.647386 0.762162 0 
vn -0.796093 0.605174 0 
vn -0.725995 0.687699 0 
vn -0.856857 0.515554 0 
vn -0.796093 0.605174 0 
vn -0.907575 0.419889 0 
vn -0.856857 0.515554 0 
vn -0.947653 0.319302 0 
vn -0.907575 0.419889 0 
vn -0.976621 0.21497 0 
vn -0.947653 0.319302 0 
vn -0.994138 0.108119 0 
vn -0.976621 0.21497 0 
vn -1 -1.22465e-16 0 
vn -0.994138 0.108119 0 
vn -0.994138 -0.108119 0 
vn -1 -1.22465e-16 0 
vn -0.976621 -0.21497 0 
vn -0.994138 -0.108119 0 
vn -0.947653 -0.319302 0 
vn -0.976621 -0.21497 0 
vn -0.907575 -0.419889 0 
vn -0.947653 -0.319302 0 
vn -0.856857 -0.515554 0 
vn -0.907575 -0.419889 0 
vn -0.796093 -0.605174 0 
vn -0.856857 -0.515554 0 
vn -0.725995 -0.687699 0 
vn -0.796093 -0.605174 0 
vn -0.647386 -0.762162 0 
vn -0.725995 -0.687699 0 
vn -0.561187 -0.827689 0 
vn -0.647386 -0.762162 0 
vn -0.468408 -0.883512 0 
vn -0.561187 -0.827689 0 
vn -0.370138 -0.928977 0 
vn -0.468408 -0.883512 0 
vn -0.267528 -0.96355 0 
vn -0.370138 -0.928977 0 
vn -0.161782 -0.986827 0 
vn -0.267528 -0.96355 0 
vn -0.0541389 -0.998533 0 
vn -0.161782 -0.986827 0 
vn 0.0541389 -0.998533 0 
vn -0.0541389 -0.998533 0 
vn 0.161782 -0.986827 0 
vn 0.0541389 -0.998533 0 
vn 0.267528 -0.96355 0 
vn 0.161782 -0.986827 0 
vn 0.370138 -0.928977 0 
vn 0.267528 -0.96355 0 
vn 0.468408 -0.883512 0 
vn 0.370138 -0.928977 0 
vn 0.561187 -0.827689 0 
vn 0.468408 -0.883512 0 
vn 0.647386 -0.762162 0 
vn 0.561187 -0.827689 0 
vn 0.725995 -0.687699 0 
vn 0.647386 -0.762162 0 
vn 0.796093 -0.605174 0 
vn 0.725995 -0.687699 0 
vn 0.856857 -0.515554 0 
vn 0.796093 -0.605174 0 
vn 0.907575 -0.419889 0 
vn 0.856857 -0.515554 0 
vn 0.947653 -0.319302 0 
vn 0.907575 -0.419889 0 
vn 0.976621 -0.21497 0 
vn 0.947653 -0.319302 0 
vn 0.994138 -0.108119 0 
vn 0.976621 -0.21497 0 
vn 0 0 1 
vn 0 1 0 
vn -0.707107 0.707107 0 
vn -0.669128 0.743147 0 
vn -0.634393 0.77301 0 
vn -0.707107 0.707107 0 
vn -0.587777 0.809023 0 
vn -0.55557 0.83147 0 
vn -0.499987 0.866033 0 
vn -0.471397 0.881921 0 
vn -0.40672 0.913553 0 
vn -0.382683 0.92388 0 
vn -0.308999 0.951062 0 
vn -0.290285 0.95694 0 
vn -0.207895 0.978151 0 
vn -0.19509 0.980785 0 
vn -0.104518 0.994523 0 
vn -0.0980171 0.995185 0 
vn -6.12323e-17 1 0 
vn -0.707107 0.707107 0 
vn -0.995185 0.0980171 0 
vn -1 1.22465e-16 0 
vn -0.980785 0.19509 0 
vn -0.995185 0.0980171 0 
vn -0.994523 0.104518 0 
vn -0.95694 0.290285 0 
vn -0.980785 0.19509 0 
vn -0.978151 0.207895 0 
vn -0.92388 0.382683 0 
vn -0.95694 0.290285 0 
vn -0.951062 0.308999 0 
vn -0.881921 0.471397 0 
vn -0.92388 0.382683 0 
vn -0.913553 0.40672 0 
vn -0.83147 0.55557 0 
vn -0.881921 0.471397 0 
vn -0.866033 0.499987 0 
vn -0.77301 0.634393 0 
vn -0.83147 0.55557 0 
vn -0.809023 0.587777 0 
vn -0.707107 0.707107 0 
vn -0.77301 0.634393 0 
vn -0.743147 0.669128 0 
vn -0.707107 0.707107 0 
vn 0.707107 0.707107 0 
vn 0.77301 0.634393 0 
vn 0.83147 0.55557 0 
vn 0.777139 0.629329 0 
vn 0.881921 0.471397 0 
vn 0.83147 0.55557 0 
vn 0.838661 0.544653 0 
vn 0.92388 0.382683 0 
vn 0.881921 0.471397 0 
vn 0.890998 0.454008 0 
vn 0.95694 0.290285 0 
vn 0.92388 0.382683 0 
vn 0.933574 0.358385 0 
vn 0.980785 0.19509 0 
vn 0.95694 0.290285 0 
vn 0.965922 0.258834 0 
vn 0.995185 0.0980171 0 
vn 0.980785 0.19509 0 
vn 0.987687 0.156444 0 
vn 1 1.22465e-16 0 
vn 0.995185 0.0980171 0 
vn 0.998629 0.0523394 0 
vn 1 1.22465e-16 0 
vn 0.707107 -0.707107 0 
vn 0.99863 -0.052336 0 
vn 0.995185 -0.0980094 0 
vn 1 0 0 
vn 0.995185 -0.0980171 0 
vn 0.987688 -0.156434 0 
vn 0.980788 -0.195076 0 
vn 0.980785 -0.19509 0 
vn 0.965926 -0.258819 0 
vn 0.956946 -0.290266 0 
vn 0.95694 -0.290285 0 
vn 0.93358 -0.358368 0 
vn 0.923888 -0.382662 0 
vn 0.92388 -0.382683 0 
vn 0.891007 -0.45399 0 
vn 0.881932 -0.471376 0 
vn 0.881921 -0.471397 0 
vn 0.838671 -0.544639 0 
vn 0.831481 -0.555554 0 
vn 0.83147 -0.55557 0 
vn 0.777146 -0.62932 0 
vn 0.773018 -0.634384 0 
vn 0.77301 -0.634393 0 
vn 0.707107 -0.707107 0 
vn 0.634393 -0.77301 0 
vn 0.55557 -0.83147 0 
vn 0.634384 -0.773018 0 
vn 0.62932 -0.777146 0 
vn 0.471397 -0.881921 0 
vn 0.555554 -0.831481 0 
vn 0.544639 -0.838671 0 
vn 0.382683 -0.92388 0 
vn 0.471376 -0.881932 0 
vn 0.45399 -0.891007 0 
vn 0.290285 -0.95694 0 
vn 0.382662 -0.923888 0 
vn 0.358368 -0.93358 0 
vn 0.19509 -0.980785 0 
vn 0.290266 -0.956946 0 
vn 0.258819 -0.965926 0 
vn 0.0980171 -0.995185 0 
vn 0.195076 -0.980788 0 
vn 0.156434 -0.987688 0 
vn -1.83697e-16 -1 0 
vn 0.0980094 -0.995185 0 
vn 0.052336 -0.99863 0 
vn -1.83697e-16 -1 0 
vn 0.703701 -0.703701 0.0980293 
vn 0.703233 -0.703233 0.104528 
vn 0.707107 -0.707107 -2.77556e-14 
vn 0.693517 -0.693517 0.19511 
vn 0.691655 -0.691655 0.207912 
vn 0.676654 -0.676654 0.290307 
vn 0.672499 -0.672499 0.309017 
vn 0.653275 -0.653275 0.382704 
vn 0.645974 -0.645974 0.406737 
vn 0.623606 -0.623606 0.471414 
vn 0.612372 -0.612372 0.5 
vn 0.587932 -0.587932 0.555582 
vn 0.572061 -0.572061 0.587785 
vn 0.546597 -0.546597 0.634399 
vn 0.525483 -0.525483 0.669131 
vn 0.5 -0.5 0.707107 
vn 0.473147 -0.473147 0.743145 
vn 0.415627 -0.415627 0.809017 
vn 0.353553 -0.353553 0.866025 
vn 0.287606 -0.287606 0.913545 
vn 0.218508 -0.218508 0.951057 
vn 0.147016 -0.147016 0.978148 
vn 0.0739128 -0.0739128 0.994522 
vn 1.25767e-14 -8.23994e-15 1 
vn 0.218508 -0.218508 0.951057 
vn 0.707107 -0.707107 0 
vn 0 -1 0 
vn -0.703701 -0.703701 0.0980293 
vn -0.703702 -0.703702 0.0980171 
vn -0.707107 -0.707107 1.22465e-16 
vn -0.703234 -0.703234 0.104518 
vn -0.693517 -0.693517 0.19511 
vn -0.69352 -0.69352 0.19509 
vn -0.691657 -0.691657 0.207895 
vn -0.703233 -0.703233 0.104528 
vn -0.676654 -0.676654 0.290307 
vn -0.676659 -0.676659 0.290285 
vn -0.672503 -0.672503 0.308999 
vn -0.691655 -0.691655 0.207912 
vn -0.653275 -0.653275 0.382704 
vn -0.653281 -0.653281 0.382683 
vn -0.645979 -0.645979 0.40672 
vn -0.672499 -0.672499 0.309017 
vn -0.623606 -0.623606 0.471414 
vn -0.623613 -0.623613 0.471397 
vn -0.612378 -0.612378 0.499987 
vn -0.645974 -0.645974 0.406737 
vn -0.587932 -0.587932 0.555582 
vn -0.587938 -0.587938 0.55557 
vn -0.572066 -0.572066 0.587777 
vn -0.612372 -0.612372 0.5 
vn -0.546597 -0.546597 0.634399 
vn -0.546601 -0.546601 0.634393 
vn -0.525484 -0.525484 0.669128 
vn -0.572061 -0.572061 0.587785 
vn -1.25767e-14 -8.23994e-15 1 
vn -0.0739128 -0.0739128 0.994522 
vn -0.147016 -0.147016 0.978148 
vn -0.218508 -0.218508 0.951057 
vn -0.287606 -0.287606 0.913545 
vn -0.353553 -0.353553 0.866025 
vn -0.415627 -0.415627 0.809017 
vn -0.473147 -0.473147 0.743145 
vn -0.5 -0.5 0.707107 
vn -0.525483 -0.525483 0.669131 
vn -0.473147 -0.473147 0.743145 
vn -0.353553 -0.353553 0.866025 
vn -0.147016 -0.147016 0.978148 
vn 4.32978e-17 4.32978e-17 1 
vn -0.707107 -0.707107 0 
vn -0.77301 -0.634393 0 
vn -0.83147 -0.55557 0 
vn -0.777139 -0.629329 0 
vn -0.881921 -0.471397 0 
vn -0.83147 -0.55557 0 
vn -0.838661 -0.544653 0 
vn -0.92388 -0.382683 0 
vn -0.881921 -0.471397 0 
vn -0.890998 -0.454008 0 
vn -0.95694 -0.290285 0 
vn -0.92388 -0.382683 0 
vn -0.933574 -0.358385 0 
vn -0.980785 -0.19509 0 
vn -0.95694 -0.290285 0 
vn -0.965922 -0.258834 0 
vn -0.995185 -0.0980171 0 
vn -0.980785 -0.19509 0 
vn -0.987687 -0.156444 0 
vn -1 1.22465e-16 0 
vn -0.995185 -0.0980171 0 
vn -0.998629 -0.0523394 0 
vn -1 1.22465e-16 0 
vn -1.83697e-16 -1 0 
vn -0.052336 -0.99863 0 
vn -0.0980094 -0.995185 0 
vn 0 -1 0 
vn -0.0980171 -0.995185 0 
vn -0.156434 -0.987688 0 
vn -0.195076 -0.980788 0 
vn -0.19509 -0.980785 0 
vn -0.258819 -0.965926 0 
vn -0.290266 -0.956946 0 
vn -0.290285 -0.95694 0 
vn -0.358368 -0.93358 0 
vn -0.382662 -0.923888 0 
vn -0.382683 -0.92388 0 
vn -0.45399 -0.891007 0 
vn -0.471376 -0.881932 0 
vn -0.471397 -0.881921 0 
vn -0.544639 -0.838671 0 
vn -0.555554 -0.831481 0 
vn -0.55557 -0.83147 0 
vn -0.62932 -0.777146 0 
vn -0.634384 -0.773018 0 
vn -0.634393 -0.77301 0 
vn -0.707107 -0.707107 0 
vn -6.12323e-17 1 0 
vn 0.0980171 0.995185 0 
vn 0.19509 0.980785 0 
vn 0.290285 0.95694 0 
vn 0.382683 0.92388 0 
vn 0.471397 0.881921 0 
vn 0.55557 0.83147 0 
vn 0.634393 0.77301 0 
vn 0.707107 0.707107 0 
vn 0.703233 0.703233 0.104528 
vn 0.634393 0.77301 7.59009e-16 
vn 0.630918 0.768776 0.104528 
vn 0.55557 0.83147 4.70904e-16 
vn 0.552527 0.826915 0.104528 
vn 0.471397 0.881921 1.54638e-16 
vn 0.468814 0.87709 0.104528 
vn 0.382683 0.92388 -1.86744e-16 
vn 0.380587 0.918818 0.104528 
vn 0.290285 0.95694 -5.49954e-16 
vn 0.288694 0.951698 0.104528 
vn 0.19509 0.980785 -9.31493e-16 
vn 0.194022 0.975412 0.104528 
vn 0.0980171 0.995185 -1.32769e-15 
vn 0.0974802 0.989733 0.104528 
vn 3.33067e-15 1 -1.73472e-15 
vn 0.691655 0.691655 0.207912 
vn 0.62053 0.756118 0.207912 
vn 0.54343 0.8133 0.207912 
vn 0.461096 0.862649 0.207912 
vn 0.374321 0.903691 0.207912 
vn 0.283941 0.936029 0.207912 
vn 0.190827 0.959353 0.207912 
vn 0.0958752 0.973438 0.207912 
vn 5.25522e-16 0.994522 0.104528 
vn 0.672499 0.672499 0.309017 
vn 0.603344 0.735177 0.309017 
vn 0.528379 0.790775 0.309017 
vn 0.448325 0.838757 0.309017 
vn 0.363954 0.878662 0.309017 
vn 0.276077 0.910104 0.309017 
vn 0.185542 0.932782 0.309017 
vn 0.0932198 0.946477 0.309017 
vn 2.66484e-15 0.978148 0.207912 
vn 0.645974 0.645974 0.406737 
vn 0.579547 0.70618 0.406737 
vn 0.507539 0.759585 0.406737 
vn 0.430642 0.805675 0.406737 
vn 0.349599 0.844006 0.406737 
vn 0.265188 0.874208 0.406737 
vn 0.178224 0.895992 0.406737 
vn 0.0895431 0.909146 0.406737 
vn -2.39451e-16 0.951057 0.309017 
vn 0.612372 0.612372 0.5 
vn 0.549401 0.669447 0.5 
vn 0.481138 0.720074 0.5 
vn 0.408242 0.763766 0.5 
vn 0.331414 0.800103 0.5 
vn 0.251394 0.828735 0.5 
vn 0.168953 0.849385 0.5 
vn 0.0848853 0.861855 0.5 
vn -5.78484e-16 0.913545 0.406737 
vn 0.572061 0.572061 0.587785 
vn 0.513235 0.625379 0.587785 
vn 0.449466 0.672673 0.587785 
vn 0.381368 0.713489 0.587785 
vn 0.309597 0.747434 0.587785 
vn 0.234845 0.774181 0.587785 
vn 0.157831 0.793472 0.587785 
vn 0.0792975 0.805121 0.587785 
vn 1.48492e-15 0.866025 0.5 
vn 0.525483 0.525483 0.669131 
vn 0.471446 0.574459 0.669131 
vn 0.412869 0.617902 0.669131 
vn 0.350316 0.655395 0.669131 
vn 0.284389 0.686576 0.669131 
vn 0.215724 0.711145 0.669131 
vn 0.14498 0.728866 0.669131 
vn 0.0728409 0.739566 0.669131 
vn 3.51183e-15 0.809017 0.587785 
vn 0.473147 0.473147 0.743145 
vn 0.424492 0.517245 0.743145 
vn 0.371749 0.556362 0.743145 
vn 0.315426 0.590121 0.743145 
vn 0.256065 0.618196 0.743145 
vn 0.194238 0.640318 0.743145 
vn 0.130541 0.656273 0.743145 
vn 0.0655863 0.665909 0.743145 
vn -1.65538e-15 0.743145 0.669131 
vn 0.415627 0.415627 0.809017 
vn 0.372887 0.454364 0.809017 
vn 0.326556 0.488726 0.809017 
vn 0.27708 0.51838 0.809017 
vn 0.224936 0.543043 0.809017 
vn 0.170625 0.562475 0.809017 
vn 0.114671 0.576491 0.809017 
vn 0.057613 0.584955 0.809017 
vn 4.74812e-16 0.669131 0.743145 
vn 0.353553 0.353553 0.866025 
vn 0.317197 0.386505 0.866025 
vn 0.277785 0.415735 0.866025 
vn 0.235698 0.440961 0.866025 
vn 0.191342 0.46194 0.866025 
vn 0.145142 0.47847 0.866025 
vn 0.0975452 0.490393 0.866025 
vn 0.0490086 0.497592 0.866025 
vn -2.30724e-15 0.587785 0.809017 
vn 0.287606 0.287606 0.913545 
vn 0.258031 0.314412 0.913545 
vn 0.225971 0.338189 0.913545 
vn 0.191734 0.35871 0.913545 
vn 0.155651 0.375776 0.913545 
vn 0.118069 0.389223 0.913545 
vn 0.0793504 0.398921 0.913545 
vn 0.0398672 0.404778 0.913545 
vn -1.45805e-16 0.5 0.866025 
vn 0.218508 0.218508 0.951057 
vn 0.196038 0.238873 0.951057 
vn 0.171681 0.256938 0.951057 
vn 0.14567 0.272529 0.951057 
vn 0.118256 0.285494 0.951057 
vn 0.0897029 0.295711 0.951057 
vn 0.0602862 0.303079 0.951057 
vn 0.030289 0.307529 0.951057 
vn -4.21696e-16 0.406737 0.913545 
vn 0.147016 0.147016 0.978148 
vn 0.131898 0.160718 0.978148 
vn 0.11551 0.172872 0.978148 
vn 0.0980089 0.183362 0.978148 
vn 0.0795644 0.192085 0.978148 
vn 0.0603536 0.198959 0.978148 
vn 0.0405616 0.203917 0.978148 
vn 0.0203789 0.206911 0.978148 
vn -5.79594e-16 0.309017 0.951057 
vn 0.0739128 0.0739128 0.994522 
vn 0.0663122 0.0808016 0.994522 
vn 0.0580729 0.0869122 0.994522 
vn 0.0492744 0.0921859 0.994522 
vn 0.0400013 0.0965717 0.994522 
vn 0.030343 0.100028 0.994522 
vn 0.0203925 0.10252 0.994522 
vn 0.0102456 0.104025 0.994522 
vn -7.56852e-16 0.207912 0.978148 
vn -3.46945e-15 0 1 
vn -9.17745e-16 0.104528 0.994522 
vn 0.525483 0.525483 0.669131 
vn 0.546601 0.546601 0.634393 
vn 0.572066 0.572066 0.587777 
vn 0.525484 0.525484 0.669128 
vn 0.572061 0.572061 0.587785 
vn 0.587938 0.587938 0.55557 
vn 0.612378 0.612378 0.499987 
vn 0.612372 0.612372 0.5 
vn 0.623613 0.623613 0.471397 
vn 0.645979 0.645979 0.40672 
vn 0.645974 0.645974 0.406737 
vn 0.653281 0.653281 0.382683 
vn 0.672503 0.672503 0.308999 
vn 0.672499 0.672499 0.309017 
vn 0.676659 0.676659 0.290285 
vn 0.691657 0.691657 0.207895 
vn 0.691655 0.691655 0.207912 
vn 0.69352 0.69352 0.19509 
vn 0.703234 0.703234 0.104518 
vn 0.703233 0.703233 0.104528 
vn 0.703702 0.703702 0.0980171 
vn 0.707107 0.707107 1.22465e-16 
vn -8.5218e-15 -8.5218e-15 1 
vn 0.0739128 0.0739128 0.994522 
vn 0.147016 0.147016 0.978148 
vn 0.218508 0.218508 0.951057 
vn 0.287606 0.287606 0.913545 
vn 0.353553 0.353553 0.866025 
vn 0.415627 0.415627 0.809017 
vn 0.473147 0.473147 0.743145 
vn 0.5 0.5 0.707107 
vn 0.707107 0.707107 1.22465e-16 
vn 0 0.994522 0.104528 
vn 0 1 -6.12323e-17 
vn 0 0.995185 0.0980171 
vn 0 0.978148 0.207912 
vn 0 0.994523 0.104518 
vn 0 0.980785 0.19509 
vn 0 0.951057 0.309017 
vn 0 0.978151 0.207895 
vn 0 0.95694 0.290285 
vn 0 0.913545 0.406737 
vn 0 0.951062 0.308999 
vn 0 0.92388 0.382683 
vn 0 0.866025 0.5 
vn 0 0.913553 0.40672 
vn 0 0.881921 0.471397 
vn 0 0.809017 0.587785 
vn 0 0.866033 0.499987 
vn 0 0.83147 0.55557 
vn 0 0.743145 0.669131 
vn 0 0.809023 0.587777 
vn 0 0.77301 0.634393 
vn 0 0.669131 0.743145 
vn 0 0.743147 0.669128 
vn 0 0.707107 0.707107 
vn 0 0.587785 0.809017 
vn 0 0.669131 0.743145 
vn 0 0.5 0.866025 
vn 0 0.587785 0.809017 
vn 0 0.406737 0.913545 
vn 0 0.5 0.866025 
vn 0 0.309017 0.951057 
vn 0 0.406737 0.913545 
vn 0 0.207912 0.978148 
vn 0 0.309017 0.951057 
vn 0 0.104528 0.994522 
vn 0 0.207912 0.978148 
vn 0 1.22465e-16 1 
vn 0 0.104528 0.994522 
vn -0.104528 0 0.994522 
vn -1.17146e-15 -1.81984e-31 1 
vn -0.207912 0 0.978148 
vn -0.309017 0 0.951057 
vn -0.406737 0 0.913545 
vn -0.5 0 0.866025 
vn -0.587785 0 0.809017 
vn -0.669131 0 0.743145 
vn -0.707107 0 0.707107 
vn -0.743147 0 0.669128 
vn -0.743145 0 0.669131 
vn -0.77301 0 0.634393 
vn -0.809023 0 0.587777 
vn -0.809017 0 0.587785 
vn -0.83147 0 0.55557 
vn -0.866033 0 0.499987 
vn -0.866025 0 0.5 
vn -0.838671 0 0.544639 
vn -0.881921 0 0.471397 
vn -0.913553 0 0.40672 
vn -0.913545 0 0.406737 
vn -0.891007 0 0.45399 
vn -0.92388 0 0.382683 
vn -0.951062 0 0.308999 
vn -0.951057 0 0.309017 
vn -0.93358 0 0.358368 
vn -0.95694 0 0.290285 
vn -0.978151 0 0.207895 
vn -0.978148 0 0.207912 
vn -0.965926 0 0.258819 
vn -0.980785 0 0.19509 
vn -0.994523 0 0.104518 
vn -0.994522 0 0.104528 
vn -0.987688 0 0.156434 
vn -0.995185 0 0.0980171 
vn -1 -1.55348e-16 0 
vn -0.99863 0 0.052336 
vn 5.04882e-15 0 1 
vn 1.62383e-17 -0.104528 0.994522 
vn 3.22987e-17 -0.207912 0.978148 
vn 4.80053e-17 -0.309017 0.951057 
vn 6.31859e-17 -0.406737 0.913545 
vn 7.76742e-17 -0.5 0.866025 
vn 9.13115e-17 -0.587785 0.809017 
vn 1.03948e-16 -0.669131 0.743145 
vn 1.15446e-16 -0.743145 0.669131 
vn 1.25679e-16 -0.809017 0.587785 
vn 1.34536e-16 -0.866025 0.5 
vn 2.1684e-16 -0.838671 0.544639 
vn 1.41918e-16 -0.913545 0.406737 
vn 2.1684e-16 -0.866025 0.5 
vn 2.1684e-16 -0.891007 0.45399 
vn 1.47745e-16 -0.951057 0.309017 
vn 2.1684e-16 -0.913545 0.406737 
vn 2.1684e-16 -0.93358 0.358368 
vn 1.51954e-16 -0.978148 0.207912 
vn 2.1684e-16 -0.951057 0.309017 
vn 0 -0.965926 0.258819 
vn 1.54497e-16 -0.994522 0.104528 
vn 0 -0.978148 0.207912 
vn 0 -0.987688 0.156434 
vn 1.55348e-16 -1 1.22465e-16 
vn 0 -0.994522 0.104528 
vn 0 -0.99863 0.052336 
vn 1.55348e-16 -1 1.22465e-16 
vn 1.54497e-16 -0.994522 0.104528 
vn 1.51954e-16 -0.978148 0.207912 
vn 1.47745e-16 -0.951057 0.309017 
vn 1.41918e-16 -0.913545 0.406737 
vn 1.34536e-16 -0.866025 0.5 
vn 1.25679e-16 -0.809017 0.587785 
vn 1.15446e-16 -0.743145 0.669131 
vn 1.03948e-16 -0.669131 0.743145 
vn 9.13115e-17 -0.587785 0.809017 
vn 7.76742e-17 -0.5 0.866025 
vn 6.31859e-17 -0.406737 0.913545 
vn 4.80053e-17 -0.309017 0.951057 
vn 3.22987e-17 -0.207912 0.978148 
vn 1.62383e-17 -0.104528 0.994522 
vn -2.8537e-32 1.83697e-16 1 
vn -1.54497e-16 0.994522 0.104528 
vn -1.55348e-16 1 2.44929e-16 
vn -1.51954e-16 0.978148 0.207912 
vn -1.54497e-16 0.994522 0.104528 
vn -1.47745e-16 0.951057 0.309017 
vn -1.51954e-16 0.978148 0.207912 
vn -1.41918e-16 0.913545 0.406737 
vn -1.47745e-16 0.951057 0.309017 
vn -1.34536e-16 0.866025 0.5 
vn -1.41918e-16 0.913545 0.406737 
vn -1.25679e-16 0.809017 0.587785 
vn -1.34536e-16 0.866025 0.5 
vn -1.15446e-16 0.743145 0.669131 
vn -1.25679e-16 0.809017 0.587785 
vn -1.03948e-16 0.669131 0.743145 
vn -1.15446e-16 0.743145 0.669131 
vn -9.13115e-17 0.587785 0.809017 
vn -1.03948e-16 0.669131 0.743145 
vn -7.76742e-17 0.5 0.866025 
vn -9.13115e-17 0.587785 0.809017 
vn -6.31859e-17 0.406737 0.913545 
vn -7.76742e-17 0.5 0.866025 
vn -4.80053e-17 0.309017 0.951057 
vn -6.31859e-17 0.406737 0.913545 
vn -3.22987e-17 0.207912 0.978148 
vn -4.80053e-17 0.309017 0.951057 
vn -1.62383e-17 0.104528 0.994522 
vn -3.22987e-17 0.207912 0.978148 
vn 2.8537e-32 -1.83697e-16 1 
vn -1.62383e-17 0.104528 0.994522 
vn -1 -1.55348e-16 0 
vn -1.55348e-16 1 0 
vn -9.39705e-32 6.04901e-16 1 
vn -1.62383e-17 0.104528 0.994522 
vn -3.22987e-17 0.207912 0.978148 
vn -4.80053e-17 0.309017 0.951057 
vn -6.31859e-17 0.406737 0.913545 
vn -7.76742e-17 0.5 0.866025 
vn -9.13115e-17 0.587785 0.809017 
vn -1.03948e-16 0.669131 0.743145 
vn -1.15446e-16 0.743145 0.669131 
vn -1.25679e-16 0.809017 0.587785 
vn -1.34536e-16 0.866025 0.5 
vn -1.41918e-16 0.913545 0.406737 
vn -1.47745e-16 0.951057 0.309017 
vn -1.51954e-16 0.978148 0.207912 
vn -1.54497e-16 0.994522 0.104528 
vn -1.55348e-16 1 1.22465e-16 
vn 1 1.65212e-16 0 
vn 0 -1 0 
vn 0 0 1 
vn 1.62383e-17 -0.104528 0.994522 
vn 3.22987e-17 -0.207912 0.978148 
vn 4.80053e-17 -0.309017 0.951057 
vn 6.31859e-17 -0.406737 0.913545 
vn 7.76742e-17 -0.5 0.866025 
vn 9.13115e-17 -0.587785 0.809017 
vn 1.03948e-16 -0.669131 0.743145 
vn 1.15446e-16 -0.743145 0.669131 
vn 1.25679e-16 -0.809017 0.587785 
vn 1.34536e-16 -0.866025 0.5 
vn 1.41918e-16 -0.913545 0.406737 
vn 1.47745e-16 -0.951057 0.309017 
vn 1.51954e-16 -0.978148 0.207912 
vn 1.54497e-16 -0.994522 0.104528 
vn 1.55348e-16 -1 1.22465e-16 
vn 1.62383e-17 -0.104528 0.994522 
vn 2.8537e-32 -1.83697e-16 1 
vn 3.22987e-17 -0.207912 0.978148 
vn 1.62383e-17 -0.104528 0.994522 
vn 4.80053e-17 -0.309017 0.951057 
vn 3.22987e-17 -0.207912 0.978148 
vn 6.31859e-17 -0.406737 0.913545 
vn 4.80053e-17 -0.309017 0.951057 
vn 7.76742e-17 -0.5 0.866025 
vn 6.31859e-17 -0.406737 0.913545 
vn 9.13115e-17 -0.587785 0.809017 
vn 7.76742e-17 -0.5 0.866025 
vn 1.03948e-16 -0.669131 0.743145 
vn 9.13115e-17 -0.587785 0.809017 
vn 1.15446e-16 -0.743145 0.669131 
vn 1.03948e-16 -0.669131 0.743145 
vn 1.25679e-16 -0.809017 0.587785 
vn 1.15446e-16 -0.743145 0.669131 
vn 1.34536e-16 -0.866025 0.5 
vn 1.25679e-16 -0.809017 0.587785 
vn 1.41918e-16 -0.913545 0.406737 
vn 1.34536e-16 -0.866025 0.5 
vn 1.47745e-16 -0.951057 0.309017 
vn 1.41918e-16 -0.913545 0.406737 
vn 1.51954e-16 -0.978148 0.207912 
vn 1.47745e-16 -0.951057 0.309017 
vn 1.54497e-16 -0.994522 0.104528 
vn 1.51954e-16 -0.978148 0.207912 
vn 1.55348e-16 -1 -1.22465e-16 
vn 1.54497e-16 -0.994522 0.104528 
vn 2.44988e-32 -1.57702e-16 1 
vn 1 1.55348e-16 0 
vn -1 -1.65212e-16 0 
vn -1.55348e-16 1 0 
vn 9.51234e-33 -6.12323e-17 1 
vn -1.62383e-17 0.104528 0.994522 
vn -3.22987e-17 0.207912 0.978148 
vn -4.80053e-17 0.309017 0.951057 
vn -6.31859e-17 0.406737 0.913545 
vn -7.76742e-17 0.5 0.866025 
vn -9.13115e-17 0.587785 0.809017 
vn -1.03948e-16 0.669131 0.743145 
vn -1.15446e-16 0.743145 0.669131 
vn -1.25679e-16 0.809017 0.587785 
vn -1.34536e-16 0.866025 0.5 
vn -1.41918e-16 0.913545 0.406737 
vn -1.47745e-16 0.951057 0.309017 
vn -1.51954e-16 0.978148 0.207912 
vn -1.54497e-16 0.994522 0.104528 
vn -1.55348e-16 1 1.22465e-16 
vn -1.62383e-17 0.104528 0.994522 
vn -2.8537e-32 1.83697e-16 1 
vn -3.22987e-17 0.207912 0.978148 
vn -1.62383e-17 0.104528 0.994522 
vn -4.80053e-17 0.309017 0.951057 
vn -3.22987e-17 0.207912 0.978148 
vn -6.31859e-17 0.406737 0.913545 
vn -4.80053e-17 0.309017 0.951057 
vn -7.76742e-17 0.5 0.866025 
vn -6.31859e-17 0.406737 0.913545 
vn -9.13115e-17 0.587785 0.809017 
vn -7.76742e-17 0.5 0.866025 
vn -1.03948e-16 0.669131 0.743145 
vn -9.13115e-17 0.587785 0.809017 
vn -1.15446e-16 0.743145 0.669131 
vn -1.03948e-16 0.669131 0.743145 
vn -1.25679e-16 0.809017 0.587785 
vn -1.15446e-16 0.743145 0.669131 
vn -1.34536e-16 0.866025 0.5 
vn -1.25679e-16 0.809017 0.587785 
vn -1.41918e-16 0.913545 0.406737 
vn -1.34536e-16 0.866025 0.5 
vn -1.47745e-16 0.951057 0.309017 
vn -1.41918e-16 0.913545 0.406737 
vn -1.51954e-16 0.978148 0.207912 
vn -1.47745e-16 0.951057 0.309017 
vn -1.54497e-16 0.994522 0.104528 
vn -1.51954e-16 0.978148 0.207912 
vn -1.55348e-16 1 -1.22465e-16 
vn -1.54497e-16 0.994522 0.104528 
usemtl 0.647059_0.647059_0.647059_0.000000_0.000000
o mesh4
f 233//175 234//176 235//176 
f 236//177 233//175 237//178 
f 238//179 236//177 239//180 
f 240//181 238//179 241//182 
f 242//183 240//181 243//184 
f 244//185 242//183 245//186 
f 246//187 244//185 247//188 
f 248//189 246//187 249//190 
f 250//191 248//189 251//192 
f 252//193 250//191 253//194 
f 254//195 252//193 255//196 
f 256//197 254//195 257//198 
f 258//199 256//197 259//200 
f 260//201 258//199 261//202 
f 262//203 260//201 263//204 
f 264//205 262//203 265//206 
f 266//207 264//205 267//208 
f 268//209 266//207 269//210 
f 270//211 268//209 271//212 
f 272//213 270//211 273//214 
f 274//215 272//213 275//216 
f 276//217 274//215 277//218 
f 278//219 276//217 279//220 
f 280//221 278//219 281//222 
f 282//223 280//221 283//224 
f 284//225 282//223 285//226 
f 286//227 284//225 287//228 
f 288//229 286//227 289//230 
f 290//231 288//229 291//232 
f 292//233 290//231 293//234 
f 294//235 292//233 295//236 
f 296//237 294//235 297//238 
f 298//239 296//237 299//240 
f 300//241 298//239 301//242 
f 302//243 300//241 303//244 
f 304//245 302//243 305//246 
f 306//247 304//245 307//248 
f 308//249 306//247 309//250 
f 310//251 308//249 311//252 
f 312//253 310//251 313//254 
f 314//255 312//253 315//256 
f 316//257 314//255 317//258 
f 318//259 316//257 319//260 
f 320//261 318//259 321//262 
f 322//263 320//261 323//264 
f 324//265 322//263 325//266 
f 326//267 324//265 327//268 
f 328//269 326//267 329//270 
f 330//271 328//269 331//272 
f 332//273 330//271 333//274 
f 334//275 332//273 335//276 
f 336//277 334//275 337//278 
f 338//279 336//277 339//280 
f 340//281 338//279 341//282 
f 342//283 340//281 343//284 
f 344//285 342//283 345//286 
f 346//287 344//285 347//288 
f 234//176 346//287 348//287 
f 348//287 235//176 234//176 
f 347//288 348//287 346//287 
f 345//286 347//288 344//285 
f 343//284 345//286 342//283 
f 341//282 343//284 340//281 
f 339//280 341//282 338//279 
f 337//278 339//280 336//277 
f 335//276 337//278 334//275 
f 333//274 335//276 332//273 
f 331//272 333//274 330//271 
f 329//270 331//272 328//269 
f 327//268 329//270 326//267 
f 325//266 327//268 324//265 
f 323//264 325//266 322//263 
f 321//262 323//264 320//261 
f 319//260 321//262 318//259 
f 317//258 319//260 316//257 
f 315//256 317//258 314//255 
f 313//254 315//256 312//253 
f 311//252 313//254 310//251 
f 309//250 311//252 308//249 
f 307//248 309//250 306//247 
f 305//246 307//248 304//245 
f 303//244 305//246 302//243 
f 301//242 303//244 300//241 
f 299//240 301//242 298//239 
f 297//238 299//240 296//237 
f 295//236 297//238 294//235 
f 293//234 295//236 292//233 
f 291//232 293//234 290//231 
f 289//230 291//232 288//229 
f 287//228 289//230 286//227 
f 285//226 287//228 284//225 
f 283//224 285//226 282//223 
f 281//222 283//224 280//221 
f 279//220 281//222 278//219 
f 277//218 279//220 276//217 
f 275//216 277//218 274//215 
f 273//214 275//216 272//213 
f 271//212 273//214 270//211 
f 269//210 271//212 268//209 
f 267//208 269//210 266//207 
f 265//206 267//208 264//205 
f 263//204 265//206 262//203 
f 261//202 263//204 260//201 
f 259//200 261//202 258//199 
f 257//198 259//200 256//197 
f 255//196 257//198 254//195 
f 253//194 255//196 252//193 
f 251//192 253//194 250//191 
f 249//190 251//192 248//189 
f 247//188 249//190 246//187 
f 245//186 247//188 244//185 
f 243//184 245//186 242//183 
f 241//182 243//184 240//181 
f 239//180 241//182 238//179 
f 237//178 239//180 236//177 
f 235//176 237//178 233//175 
o mesh5
f 349//289 321//289 319//289 
f 349//289 350//289 323//289 
f 351//289 305//289 303//289 
f 351//289 352//289 307//289 
f 352//289 353//289 309//289 
f 353//289 354//289 311//289 
f 355//289 317//289 315//289 
f 355//289 356//289 319//289 
f 323//289 321//289 349//289 
f 350//289 357//289 325//289 
f 358//289 263//289 261//289 
f 358//289 359//289 265//289 
f 307//289 305//289 351//289 
f 311//289 309//289 353//289 
f 360//289 313//289 311//289 
f 360//289 361//289 315//289 
f 319//289 317//289 355//289 
f 325//289 323//289 350//289 
f 362//289 327//289 325//289 
f 362//289 363//289 329//289 
f 364//289 335//289 333//289 
f 365//289 337//289 335//289 
f 366//289 339//289 337//289 
f 366//289 367//289 341//289 
f 368//289 235//289 348//289 
f 368//289 369//289 237//289 
f 370//289 259//289 257//289 
f 370//289 371//289 261//289 
f 265//289 263//289 358//289 
f 359//289 372//289 267//289 
f 373//289 301//289 299//289 
f 373//289 374//289 303//289 
f 309//289 307//289 352//289 
f 315//289 313//289 360//289 
f 319//289 356//289 349//289 
f 329//289 327//289 362//289 
f 375//289 331//289 329//289 
f 375//289 376//289 333//289 
f 335//289 364//289 365//289 
f 341//289 339//289 366//289 
f 377//289 343//289 341//289 
f 377//289 378//289 345//289 
f 379//289 348//289 347//289 
f 237//289 235//289 368//289 
f 261//289 259//289 370//289 
f 267//289 265//289 359//289 
f 380//289 269//289 267//289 
f 380//289 381//289 271//289 
f 382//289 273//289 271//289 
f 382//289 383//289 275//289 
f 384//289 385//289 295//289 
f 385//289 386//289 297//289 
f 387//289 299//289 297//289 
f 303//289 301//289 373//289 
f 311//289 354//289 360//289 
f 325//289 357//289 362//289 
f 333//289 331//289 375//289 
f 337//289 365//289 366//289 
f 345//289 343//289 377//289 
f 378//289 388//289 347//289 
f 348//289 379//289 368//289 
f 369//289 389//289 239//289 
f 390//289 243//289 241//289 
f 390//289 391//289 245//289 
f 261//289 371//289 358//289 
f 271//289 269//289 380//289 
f 275//289 273//289 382//289 
f 392//289 277//289 275//289 
f 393//289 279//289 277//289 
f 393//289 394//289 281//289 
f 395//289 285//289 283//289 
f 395//289 396//289 287//289 
f 297//289 295//289 385//289 
f 299//289 387//289 373//289 
f 315//289 361//289 355//289 
f 333//289 376//289 364//289 
f 347//289 345//289 378//289 
f 239//289 237//289 369//289 
f 397//289 241//289 239//289 
f 245//289 243//289 390//289 
f 267//289 372//289 380//289 
f 275//289 383//289 392//289 
f 281//289 279//289 393//289 
f 394//289 398//289 283//289 
f 287//289 285//289 395//289 
f 396//289 399//289 289//289 
f 400//289 291//289 289//289 
f 384//289 293//289 291//289 
f 297//289 386//289 387//289 
f 329//289 363//289 375//289 
f 347//289 388//289 379//289 
f 241//289 397//289 390//289 
f 401//289 247//289 245//289 
f 401//289 402//289 249//289 
f 402//289 403//289 251//289 
f 403//289 404//289 253//289 
f 271//289 381//289 382//289 
f 283//289 281//289 394//289 
f 289//289 287//289 396//289 
f 291//289 400//289 384//289 
f 303//289 374//289 351//289 
f 239//289 389//289 397//289 
f 249//289 247//289 401//289 
f 253//289 251//289 403//289 
f 405//289 255//289 253//289 
f 405//289 406//289 257//289 
f 277//289 392//289 393//289 
f 289//289 399//289 400//289 
f 341//289 367//289 377//289 
f 251//289 249//289 402//289 
f 257//289 255//289 405//289 
f 283//289 398//289 395//289 
f 245//289 391//289 401//289 
f 257//289 406//289 370//289 
f 253//289 404//289 405//289 
f 295//289 293//289 384//289 
o mesh6
f 369//290 368//291 407//291 
f 389//292 369//290 408//293 
f 397//294 389//292 409//295 
f 390//296 397//294 410//297 
f 391//298 390//296 411//299 
f 401//300 391//298 412//301 
f 402//302 401//300 413//303 
f 403//304 402//302 414//305 
f 404//306 403//304 415//307 
f 405//308 404//306 416//309 
f 406//310 405//308 417//311 
f 370//312 406//310 418//313 
f 371//314 370//312 419//315 
f 358//316 371//314 420//317 
f 359//318 358//316 421//319 
f 372//320 359//318 422//321 
f 380//322 372//320 423//323 
f 381//324 380//322 424//325 
f 382//326 381//324 425//327 
f 383//328 382//326 426//329 
f 392//330 383//328 427//331 
f 393//332 392//330 428//333 
f 394//334 393//332 429//335 
f 398//336 394//334 430//337 
f 395//338 398//336 431//339 
f 396//340 395//338 432//341 
f 399//342 396//340 433//343 
f 400//344 399//342 434//345 
f 384//346 400//344 435//347 
f 385//348 384//346 436//349 
f 386//350 385//348 437//351 
f 387//352 386//350 438//353 
f 373//354 387//352 439//355 
f 374//356 373//354 440//357 
f 351//358 374//356 441//359 
f 352//360 351//358 442//361 
f 353//362 352//360 443//363 
f 354//364 353//362 444//365 
f 360//366 354//364 445//367 
f 361//368 360//366 446//369 
f 355//370 361//368 447//371 
f 356//372 355//370 448//373 
f 349//374 356//372 449//375 
f 350//376 349//374 450//377 
f 357//378 350//376 451//379 
f 362//380 357//378 452//381 
f 363//382 362//380 453//383 
f 375//384 363//382 454//385 
f 376//386 375//384 455//387 
f 364//388 376//386 456//389 
f 365//390 364//388 457//391 
f 366//392 365//390 458//393 
f 367//394 366//392 459//395 
f 377//396 367//394 460//397 
f 378//398 377//396 461//399 
f 388//400 378//398 462//401 
f 379//402 388//400 463//403 
f 368//291 379//402 464//402 
f 464//402 407//291 368//291 
f 463//403 464//402 379//402 
f 462//401 463//403 388//400 
f 461//399 462//401 378//398 
f 460//397 461//399 377//396 
f 459//395 460//397 367//394 
f 458//393 459//395 366//392 
f 457//391 458//393 365//390 
f 456//389 457//391 364//388 
f 455//387 456//389 376//386 
f 454//385 455//387 375//384 
f 453//383 454//385 363//382 
f 452//381 453//383 362//380 
f 451//379 452//381 357//378 
f 450//377 451//379 350//376 
f 449//375 450//377 349//374 
f 448//373 449//375 356//372 
f 447//371 448//373 355//370 
f 446//369 447//371 361//368 
f 445//367 446//369 360//366 
f 444//365 445//367 354//364 
f 443//363 444//365 353//362 
f 442//361 443//363 352//360 
f 441//359 442//361 351//358 
f 440//357 441//359 374//356 
f 439//355 440//357 373//354 
f 438//353 439//355 387//352 
f 437//351 438//353 386//350 
f 436//349 437//351 385//348 
f 435//347 436//349 384//346 
f 434//345 435//347 400//344 
f 433//343 434//345 399//342 
f 432//341 433//343 396//340 
f 431//339 432//341 395//338 
f 430//337 431//339 398//336 
f 429//335 430//337 394//334 
f 428//333 429//335 393//332 
f 427//331 428//333 392//330 
f 426//329 427//331 383//328 
f 425//327 426//329 382//326 
f 424//325 425//327 381//324 
f 423//323 424//325 380//322 
f 422//321 423//323 372//320 
f 421//319 422//321 359//318 
f 420//317 421//319 358//316 
f 419//315 420//317 371//314 
f 418//313 419//315 370//312 
f 417//311 418//313 406//310 
f 416//309 417//311 405//308 
f 415//307 416//309 404//306 
f 414//305 415//307 403//304 
f 413//303 414//305 402//302 
f 412//301 413//303 401//300 
f 411//299 412//301 391//298 
f 410//297 411//299 390//296 
f 409//295 410//297 397//294 
f 408//293 409//295 389//292 
f 407//291 408//293 369//290 
o mesh7
f 465//404 466//404 467//404 
f 465//404 468//404 469//404 
f 469//404 466//404 465//404 
f 467//404 470//404 471//404 
f 472//404 473//404 474//404 
f 473//404 475//404 476//404 
f 477//404 478//404 479//404 
f 480//404 481//404 482//404 
f 483//404 484//404 481//404 
f 485//404 486//404 487//404 
f 486//404 488//404 489//404 
f 467//404 490//404 465//404 
f 471//404 491//404 467//404 
f 467//404 492//404 493//404 
f 494//404 472//404 495//404 
f 476//404 474//404 473//404 
f 479//404 475//404 477//404 
f 496//404 497//404 478//404 
f 498//404 482//404 497//404 
f 481//404 480//404 483//404 
f 499//404 500//404 484//404 
f 501//404 502//404 500//404 
f 501//404 485//404 503//404 
f 489//404 487//404 486//404 
f 491//404 490//404 467//404 
f 493//404 504//404 467//404 
f 505//404 506//404 507//404 
f 467//404 508//404 509//404 
f 474//404 495//404 472//404 
f 478//404 477//404 496//404 
f 482//404 498//404 480//404 
f 500//404 499//404 501//404 
f 487//404 503//404 485//404 
f 488//404 510//404 511//404 
f 510//404 512//404 513//404 
f 514//404 515//404 516//404 
f 506//404 505//404 517//404 
f 504//404 470//404 467//404 
f 507//404 518//404 505//404 
f 509//404 519//404 467//404 
f 467//404 520//404 521//404 
f 467//404 522//404 523//404 
f 524//404 525//404 526//404 
f 527//404 528//404 525//404 
f 479//404 476//404 475//404 
f 484//404 483//404 499//404 
f 511//404 489//404 488//404 
f 510//404 529//404 512//404 
f 516//404 510//404 514//404 
f 514//404 530//404 531//404 
f 517//404 532//404 506//404 
f 518//404 468//404 505//404 
f 519//404 533//404 467//404 
f 523//404 520//404 467//404 
f 534//404 535//404 536//404 
f 514//404 537//404 538//404 
f 539//404 526//404 540//404 
f 525//404 524//404 527//404 
f 497//404 496//404 498//404 
f 513//404 511//404 510//404 
f 531//404 515//404 514//404 
f 514//404 534//404 541//404 
f 465//404 505//404 468//404 
f 521//404 508//404 467//404 
f 536//404 542//404 534//404 
f 538//404 534//404 514//404 
f 514//404 543//404 544//404 
f 545//404 546//404 547//404 
f 548//404 549//404 546//404 
f 550//404 551//404 552//404 
f 553//404 554//404 551//404 
f 555//404 556//404 554//404 
f 555//404 557//404 558//404 
f 559//404 294//404 296//404 
f 560//404 559//404 561//404 
f 562//404 540//404 563//404 
f 526//404 539//404 524//404 
f 564//404 300//404 302//404 
f 503//404 502//404 501//404 
f 541//404 530//404 514//404 
f 533//404 492//404 467//404 
f 538//404 535//404 534//404 
f 544//404 565//404 514//404 
f 566//404 547//404 543//404 
f 546//404 545//404 548//404 
f 567//404 568//404 549//404 
f 567//404 569//404 570//404 
f 569//404 571//404 572//404 
f 571//404 573//404 574//404 
f 573//404 575//404 576//404 
f 577//404 552//404 578//404 
f 551//404 550//404 553//404 
f 558//404 556//404 555//404 
f 555//404 579//404 580//404 
f 581//404 582//404 579//404 
f 561//404 583//404 560//404 
f 584//404 585//404 586//404 
f 585//404 587//404 588//404 
f 540//404 562//404 539//404 
f 589//404 590//404 528//404 
f 302//404 591//404 564//404 
f 516//404 529//404 510//404 
f 542//404 506//404 534//404 
f 543//404 514//404 566//404 
f 549//404 548//404 567//404 
f 572//404 570//404 569//404 
f 576//404 574//404 573//404 
f 575//404 592//404 593//404 
f 592//404 594//404 595//404 
f 594//404 596//404 597//404 
f 578//404 596//404 577//404 
f 554//404 553//404 555//404 
f 579//404 555//404 581//404 
f 561//404 296//404 298//404 
f 296//404 561//404 559//404 
f 582//404 598//404 599//404 
f 600//404 601//404 602//404 
f 601//404 584//404 603//404 
f 588//404 586//404 585//404 
f 604//404 605//404 606//404 
f 528//404 527//404 589//404 
f 589//404 607//404 608//404 
f 607//404 609//404 610//404 
f 609//404 611//404 612//404 
f 300//404 613//404 614//404 
f 302//404 304//404 591//404 
f 532//404 534//404 506//404 
f 547//404 566//404 545//404 
f 574//404 572//404 571//404 
f 595//404 593//404 592//404 
f 578//404 597//404 596//404 
f 580//404 557//404 555//404 
f 583//404 582//404 560//404 
f 582//404 581//404 598//404 
f 602//404 615//404 600//404 
f 586//404 603//404 584//404 
f 606//404 587//404 604//404 
f 616//404 563//404 605//404 
f 608//404 590//404 589//404 
f 612//404 610//404 609//404 
f 300//404 617//404 618//404 
f 619//404 334//404 336//404 
f 619//404 330//404 332//404 
f 620//404 326//404 328//404 
f 620//404 322//404 324//404 
f 620//404 318//404 320//404 
f 620//404 312//404 314//404 
f 591//404 304//404 306//404 
f 564//404 613//404 300//404 
f 522//404 621//404 622//404 
f 565//404 537//404 514//404 
f 593//404 576//404 575//404 
f 552//404 577//404 550//404 
f 599//404 560//404 582//404 
f 555//404 623//404 624//404 
f 555//404 625//404 626//404 
f 555//404 600//404 627//404 
f 600//404 628//404 629//404 
f 603//404 602//404 601//404 
f 605//404 604//404 616//404 
f 610//404 608//404 607//404 
f 611//404 630//404 631//404 
f 630//404 632//404 633//404 
f 300//404 634//404 635//404 
f 300//404 636//404 617//404 
f 332//404 334//404 619//404 
f 328//404 619//404 620//404 
f 320//404 322//404 620//404 
f 314//404 316//404 620//404 
f 614//404 637//404 300//404 
f 308//404 620//404 638//404 
f 619//404 639//404 522//404 
f 619//404 640//404 641//404 
f 619//404 642//404 643//404 
f 619//404 644//404 645//404 
f 570//404 568//404 567//404 
f 298//404 300//404 561//404 
f 626//404 623//404 555//404 
f 555//404 646//404 647//404 
f 629//404 627//404 600//404 
f 606//404 588//404 587//404 
f 631//404 612//404 611//404 
f 630//404 648//404 632//404 
f 649//404 650//404 651//404 
f 618//404 634//404 300//404 
f 300//404 652//404 653//404 
f 300//404 637//404 654//404 
f 328//404 330//404 619//404 
f 316//404 318//404 620//404 
f 620//404 308//404 310//404 
f 638//404 591//404 308//404 
f 622//404 619//404 522//404 
f 619//404 655//404 640//404 
f 645//404 642//404 619//404 
f 619//404 656//404 657//404 
f 597//404 595//404 594//404 
f 647//404 625//404 555//404 
f 615//404 628//404 600//404 
f 633//404 631//404 630//404 
f 651//404 630//404 649//404 
f 649//404 658//404 659//404 
f 660//404 661//404 649//404 
f 662//404 260//404 262//404 
f 653//404 636//404 300//404 
f 654//404 663//404 300//404 
f 324//404 326//404 620//404 
f 306//404 308//404 591//404 
f 641//404 639//404 619//404 
f 657//404 644//404 619//404 
f 619//404 664//404 665//404 
f 624//404 581//404 555//404 
f 563//404 616//404 562//404 
f 659//404 650//404 649//404 
f 649//404 666//404 667//404 
f 262//404 649//404 662//404 
f 668//404 258//404 260//404 
f 663//404 652//404 300//404 
f 310//404 312//404 620//404 
f 643//404 655//404 619//404 
f 664//404 669//404 665//404 
f 627//404 646//404 555//404 
f 667//404 658//404 649//404 
f 649//404 661//404 670//404 
f 260//404 662//404 668//404 
f 671//404 256//404 258//404 
f 672//404 254//404 256//404 
f 276//404 559//404 673//404 
f 336//404 338//404 619//404 
f 665//404 656//404 619//404 
f 522//404 674//404 675//404 
f 651//404 648//404 630//404 
f 649//404 676//404 677//404 
f 649//404 262//404 660//404 
f 256//404 671//404 672//404 
f 274//404 678//404 679//404 
f 274//404 680//404 681//404 
f 274//404 682//404 683//404 
f 673//404 274//404 276//404 
f 619//404 346//404 234//404 
f 619//404 338//404 340//404 
f 622//404 620//404 619//404 
f 522//404 467//404 674//404 
f 664//404 684//404 685//404 
f 664//404 494//404 686//404 
f 677//404 666//404 649//404 
f 258//404 668//404 671//404 
f 559//404 290//404 292//404 
f 559//404 286//404 288//404 
f 679//404 687//404 274//404 
f 681//404 688//404 274//404 
f 274//404 689//404 690//404 
f 683//404 691//404 274//404 
f 276//404 278//404 559//404 
f 619//404 344//404 346//404 
f 340//404 342//404 619//404 
f 675//404 621//404 522//404 
f 686//404 684//404 664//404 
f 670//404 676//404 649//404 
f 288//404 290//404 559//404 
f 559//404 280//404 282//404 
f 688//404 678//404 274//404 
f 691//404 689//404 274//404 
f 673//404 692//404 274//404 
f 660//404 268//404 270//404 
f 660//404 264//404 266//404 
f 342//404 344//404 619//404 
f 685//404 669//404 664//404 
f 292//404 294//404 559//404 
f 282//404 284//404 559//404 
f 690//404 680//404 274//404 
f 278//404 280//404 559//404 
f 270//404 272//404 660//404 
f 660//404 262//404 264//404 
f 693//404 694//404 240//404 
f 635//404 561//404 300//404 
f 284//404 286//404 559//404 
f 692//404 682//404 274//404 
f 266//404 268//404 660//404 
f 695//404 696//404 248//404 
f 696//404 697//404 246//404 
f 697//404 698//404 244//404 
f 698//404 693//404 242//404 
f 694//404 238//404 240//404 
f 699//404 236//404 238//404 
f 700//404 233//404 236//404 
f 701//404 234//404 233//404 
f 495//404 686//404 494//404 
f 272//404 274//404 660//404 
f 672//404 702//404 252//404 
f 702//404 695//404 250//404 
f 246//404 248//404 696//404 
f 242//404 244//404 698//404 
f 238//404 694//404 699//404 
f 233//404 700//404 701//404 
f 687//404 660//404 274//404 
f 250//404 252//404 702//404 
f 244//404 246//404 697//404 
f 236//404 699//404 700//404 
f 252//404 254//404 672//404 
f 240//404 242//404 693//404 
f 248//404 250//404 695//404 
f 234//404 701//404 619//404 
o mesh8
f 555//405 703//405 704//405 
f 704//405 600//405 555//405 
f 704//405 705//405 600//405 
o mesh9
f 514//406 510//406 706//406 
f 510//406 707//406 706//406 
f 706//406 708//406 514//406 
o mesh10
f 664//407 619//407 709//407 
f 619//407 710//407 709//407 
f 709//407 711//407 664//407 
o mesh11
f 630//408 712//408 713//408 
f 713//408 649//408 630//408 
f 713//408 714//408 649//408 
o mesh12
f 600//409 705//409 715//410 
f 601//410 715//410 716//411 
f 584//411 716//411 717//412 
f 585//412 717//412 718//413 
f 587//413 718//413 719//414 
f 604//414 719//414 720//415 
f 616//415 720//415 721//416 
f 562//416 721//416 722//417 
f 539//417 722//417 723//418 
f 524//418 723//418 724//419 
f 527//419 724//419 725//420 
f 589//420 725//420 726//421 
f 607//421 726//421 727//422 
f 609//422 727//422 728//423 
f 611//423 728//423 712//424 
f 712//424 630//424 611//423 
f 728//423 611//423 609//422 
f 727//422 609//422 607//421 
f 726//421 607//421 589//420 
f 725//420 589//420 527//419 
f 724//419 527//419 524//418 
f 723//418 524//418 539//417 
f 722//417 539//417 562//416 
f 721//416 562//416 616//415 
f 720//415 616//415 604//414 
f 719//414 604//414 587//413 
f 718//413 587//413 585//412 
f 717//412 585//412 584//411 
f 716//411 584//411 601//410 
f 715//410 601//410 600//409 
o mesh13
f 703//425 555//425 553//426 
f 729//426 553//426 550//427 
f 730//427 550//427 577//428 
f 731//428 577//428 596//429 
f 732//429 596//429 594//430 
f 733//430 594//430 592//431 
f 734//431 592//431 575//432 
f 735//432 575//432 573//433 
f 736//433 573//433 571//434 
f 737//434 571//434 569//435 
f 738//435 569//435 567//436 
f 739//436 567//436 548//437 
f 740//437 548//437 545//438 
f 741//438 545//438 566//439 
f 742//439 566//439 514//440 
f 514//440 708//440 742//439 
f 566//439 742//439 741//438 
f 545//438 741//438 740//437 
f 548//437 740//437 739//436 
f 567//436 739//436 738//435 
f 569//435 738//435 737//434 
f 571//434 737//434 736//433 
f 573//433 736//433 735//432 
f 575//432 735//432 734//431 
f 592//431 734//431 733//430 
f 594//430 733//430 732//429 
f 596//429 732//429 731//428 
f 577//428 731//428 730//427 
f 550//427 730//427 729//426 
f 553//426 729//426 703//425 
o mesh14
f 664//441 711//441 743//442 
f 494//442 743//442 744//443 
f 472//443 744//443 745//444 
f 473//444 745//444 746//445 
f 475//445 746//445 747//446 
f 477//446 747//446 748//447 
f 496//447 748//447 749//448 
f 498//448 749//448 750//449 
f 480//449 750//449 751//450 
f 483//450 751//450 752//451 
f 499//451 752//451 753//452 
f 501//452 753//452 754//453 
f 485//453 754//453 755//454 
f 486//454 755//454 756//455 
f 488//455 756//455 707//456 
f 707//456 510//456 488//455 
f 756//455 488//455 486//454 
f 755//454 486//454 485//453 
f 754//453 485//453 501//452 
f 753//452 501//452 499//451 
f 752//451 499//451 483//450 
f 751//450 483//450 480//449 
f 750//449 480//449 498//448 
f 749//448 498//448 496//447 
f 748//447 496//447 477//446 
f 747//446 477//446 475//445 
f 746//445 475//445 473//444 
f 745//444 473//444 472//443 
f 744//443 472//443 494//442 
f 743//442 494//442 664//441 
o mesh15
f 710//457 619//457 701//458 
f 757//458 701//458 700//459 
f 758//459 700//459 699//460 
f 759//460 699//460 694//461 
f 760//461 694//461 693//462 
f 761//462 693//462 698//463 
f 762//463 698//463 697//464 
f 763//464 697//464 696//465 
f 764//465 696//465 695//466 
f 765//466 695//466 702//467 
f 766//467 702//467 672//468 
f 767//468 672//468 671//469 
f 768//469 671//469 668//470 
f 769//470 668//470 662//471 
f 770//471 662//471 649//472 
f 649//472 714//472 770//471 
f 662//471 770//471 769//470 
f 668//470 769//470 768//469 
f 671//469 768//469 767//468 
f 672//468 767//468 766//467 
f 702//467 766//467 765//466 
f 695//466 765//466 764//465 
f 696//465 764//465 763//464 
f 697//464 763//464 762//463 
f 698//463 762//463 761//462 
f 693//462 761//462 760//461 
f 694//461 760//461 759//460 
f 699//460 759//460 758//459 
f 700//459 758//459 757//458 
f 701//458 757//458 710//457 
o mesh16
f 661//473 660//474 771//474 
f 670//475 661//473 772//476 
f 676//477 670//475 773//478 
f 677//479 676//477 774//480 
f 666//481 677//479 775//482 
f 667//483 666//481 776//484 
f 658//485 667//483 777//486 
f 659//487 658//485 778//488 
f 650//489 659//487 779//490 
f 651//491 650//489 780//492 
f 648//493 651//491 781//494 
f 632//495 648//493 782//496 
f 633//497 632//495 783//498 
f 631//499 633//497 784//500 
f 612//501 631//499 785//502 
f 610//503 612//501 786//504 
f 608//505 610//503 787//506 
f 590//507 608//505 788//508 
f 528//509 590//507 789//510 
f 525//511 528//509 790//512 
f 526//513 525//511 791//514 
f 540//515 526//513 792//516 
f 563//517 540//515 793//518 
f 605//519 563//517 794//520 
f 606//521 605//519 795//522 
f 588//523 606//521 796//524 
f 586//525 588//523 797//526 
f 603//527 586//525 798//528 
f 602//529 603//527 799//530 
f 615//531 602//529 800//532 
f 628//533 615//531 801//534 
f 629//535 628//533 802//536 
f 627//537 629//535 803//538 
f 646//539 627//537 804//540 
f 647//541 646//539 805//542 
f 625//543 647//541 806//544 
f 626//545 625//543 807//546 
f 623//547 626//545 808//548 
f 624//549 623//547 809//550 
f 581//551 624//549 810//552 
f 598//553 581//551 811//554 
f 599//555 598//553 812//556 
f 560//557 599//555 813//558 
f 559//559 560//557 814//560 
f 673//561 559//559 815//562 
f 692//563 673//561 816//564 
f 682//565 692//563 817//566 
f 683//567 682//565 818//568 
f 691//569 683//567 819//570 
f 689//571 691//569 820//572 
f 690//573 689//571 821//574 
f 680//575 690//573 822//576 
f 681//577 680//575 823//578 
f 688//579 681//577 824//580 
f 678//581 688//579 825//582 
f 679//583 678//581 826//584 
f 687//585 679//583 827//586 
f 660//474 687//585 828//585 
f 828//585 771//474 660//474 
f 827//586 828//585 687//585 
f 826//584 827//586 679//583 
f 825//582 826//584 678//581 
f 824//580 825//582 688//579 
f 823//578 824//580 681//577 
f 822//576 823//578 680//575 
f 821//574 822//576 690//573 
f 820//572 821//574 689//571 
f 819//570 820//572 691//569 
f 818//568 819//570 683//567 
f 817//566 818//568 682//565 
f 816//564 817//566 692//563 
f 815//562 816//564 673//561 
f 814//560 815//562 559//559 
f 813//558 814//560 560//557 
f 812//556 813//558 599//555 
f 811//554 812//556 598//553 
f 810//552 811//554 581//551 
f 809//550 810//552 624//549 
f 808//548 809//550 623//547 
f 807//546 808//548 626//545 
f 806//544 807//546 625//543 
f 805//542 806//544 647//541 
f 804//540 805//542 646//539 
f 803//538 804//540 627//537 
f 802//536 803//538 629//535 
f 801//534 802//536 628//533 
f 800//532 801//534 615//531 
f 799//530 800//532 602//529 
f 798//528 799//530 603//527 
f 797//526 798//528 586//525 
f 796//524 797//526 588//523 
f 795//522 796//524 606//521 
f 794//520 795//522 605//519 
f 793//518 794//520 563//517 
f 792//516 793//518 540//515 
f 791//514 792//516 526//513 
f 790//512 791//514 525//511 
f 789//510 790//512 528//509 
f 788//508 789//510 590//507 
f 787//506 788//508 608//505 
f 786//504 787//506 610//503 
f 785//502 786//504 612//501 
f 784//500 785//502 631//499 
f 783//498 784//500 633//497 
f 782//496 783//498 632//495 
f 781//494 782//496 648//493 
f 780//492 781//494 651//491 
f 779//490 780//492 650//489 
f 778//488 779//490 659//487 
f 777//486 778//488 658//485 
f 776//484 777//486 667//483 
f 775//482 776//484 666//481 
f 774//480 775//482 677//479 
f 773//478 774//480 676//477 
f 772//476 773//478 670//475 
f 771//474 772//476 661//473 
o mesh17
f 684//587 686//588 829//588 
f 685//589 684//587 830//590 
f 669//591 685//589 831//592 
f 665//593 669//591 832//594 
f 656//595 665//593 833//596 
f 657//597 656//595 834//598 
f 644//599 657//597 835//600 
f 645//601 644//599 836//602 
f 642//603 645//601 837//604 
f 643//605 642//603 838//606 
f 655//607 643//605 839//608 
f 640//609 655//607 840//610 
f 641//611 640//609 841//612 
f 639//613 641//611 842//614 
f 522//615 639//613 843//616 
f 523//617 522//615 844//618 
f 520//619 523//617 845//620 
f 521//621 520//619 846//622 
f 508//623 521//621 847//624 
f 509//625 508//623 848//626 
f 519//627 509//625 849//628 
f 533//629 519//627 850//630 
f 492//631 533//629 851//632 
f 493//633 492//631 852//634 
f 504//635 493//633 853//636 
f 470//637 504//635 854//638 
f 471//639 470//637 855//640 
f 491//641 471//639 856//642 
f 490//643 491//641 857//644 
f 465//645 490//643 858//646 
f 505//647 465//645 859//648 
f 517//649 505//647 860//650 
f 532//651 517//649 861//652 
f 534//653 532//651 862//654 
f 541//655 534//653 863//656 
f 530//657 541//655 864//658 
f 531//659 530//657 865//660 
f 515//661 531//659 866//662 
f 516//663 515//661 867//664 
f 529//665 516//663 868//666 
f 512//667 529//665 869//668 
f 513//669 512//667 870//670 
f 511//671 513//669 871//672 
f 489//673 511//671 872//674 
f 487//675 489//673 873//676 
f 503//677 487//675 874//678 
f 502//679 503//677 875//680 
f 500//681 502//679 876//682 
f 484//683 500//681 877//684 
f 481//685 484//683 878//686 
f 482//687 481//685 879//688 
f 497//689 482//687 880//690 
f 478//691 497//689 881//692 
f 479//693 478//691 882//694 
f 476//695 479//693 883//696 
f 474//697 476//695 884//698 
f 495//699 474//697 885//700 
f 686//588 495//699 886//699 
f 886//699 829//588 686//588 
f 885//700 886//699 495//699 
f 884//698 885//700 474//697 
f 883//696 884//698 476//695 
f 882//694 883//696 479//693 
f 881//692 882//694 478//691 
f 880//690 881//692 497//689 
f 879//688 880//690 482//687 
f 878//686 879//688 481//685 
f 877//684 878//686 484//683 
f 876//682 877//684 500//681 
f 875//680 876//682 502//679 
f 874//678 875//680 503//677 
f 873//676 874//678 487//675 
f 872//674 873//676 489//673 
f 871//672 872//674 511//671 
f 870//670 871//672 513//669 
f 869//668 870//670 512//667 
f 868//666 869//668 529//665 
f 867//664 868//666 516//663 
f 866//662 867//664 515//661 
f 865//660 866//662 531//659 
f 864//658 865//660 530//657 
f 863//656 864//658 541//655 
f 862//654 863//656 534//653 
f 861//652 862//654 532//651 
f 860//650 861//652 517//649 
f 859//648 860//650 505//647 
f 858//646 859//648 465//645 
f 857//644 858//646 490//643 
f 856//642 857//644 491//641 
f 855//640 856//642 471//639 
f 854//638 855//640 470//637 
f 853//636 854//638 504//635 
f 852//634 853//636 493//633 
f 851//632 852//634 492//631 
f 850//630 851//632 533//629 
f 849//628 850//630 519//627 
f 848//626 849//628 509//625 
f 847//624 848//626 508//623 
f 846//622 847//624 521//621 
f 845//620 846//622 520//619 
f 844//618 845//620 523//617 
f 843//616 844//618 522//615 
f 842//614 843//616 639//613 
f 841//612 842//614 641//611 
f 840//610 841//612 640//609 
f 839//608 840//610 655//607 
f 838//606 839//608 643//605 
f 837//604 838//606 642//603 
f 836//602 837//604 645//601 
f 835//600 836//602 644//599 
f 834//598 835//600 657//597 
f 833//596 834//598 656//595 
f 832//594 833//596 665//593 
f 831//592 832//594 669//591 
f 830//590 831//592 685//589 
f 829//588 830//590 684//587 
o mesh18
f 674//701 467//702 887//702 
f 675//703 674//701 888//704 
f 621//705 675//703 889//706 
f 622//707 621//705 890//708 
f 620//709 622//707 891//710 
f 638//711 620//709 892//712 
f 591//713 638//711 893//714 
f 564//715 591//713 894//716 
f 613//717 564//715 895//718 
f 614//719 613//717 896//720 
f 637//721 614//719 897//722 
f 654//723 637//721 898//724 
f 663//725 654//723 899//726 
f 652//727 663//725 900//728 
f 653//729 652//727 901//730 
f 636//731 653//729 902//732 
f 617//733 636//731 903//734 
f 618//735 617//733 904//736 
f 634//737 618//735 905//738 
f 635//739 634//737 906//740 
f 561//741 635//739 907//742 
f 583//743 561//741 908//744 
f 582//745 583//743 909//746 
f 579//747 582//745 910//748 
f 580//749 579//747 911//750 
f 557//751 580//749 912//752 
f 558//753 557//751 913//754 
f 556//755 558//753 914//756 
f 554//757 556//755 915//758 
f 551//759 554//757 916//760 
f 552//761 551//759 917//762 
f 578//763 552//761 918//764 
f 597//765 578//763 919//766 
f 595//767 597//765 920//768 
f 593//769 595//767 921//770 
f 576//771 593//769 922//772 
f 574//773 576//771 923//774 
f 572//775 574//773 924//776 
f 570//777 572//775 925//778 
f 568//779 570//777 926//780 
f 549//781 568//779 927//782 
f 546//783 549//781 928//784 
f 547//785 546//783 929//786 
f 543//787 547//785 930//788 
f 544//789 543//787 931//790 
f 565//791 544//789 932//792 
f 537//793 565//791 933//794 
f 538//795 537//793 934//796 
f 535//797 538//795 935//798 
f 536//799 535//797 936//800 
f 542//801 536//799 937//802 
f 506//803 542//801 938//804 
f 507//805 506//803 939//806 
f 518//807 507//805 940//808 
f 468//809 518//807 941//810 
f 469//811 468//809 942//812 
f 466//813 469//811 943//814 
f 467//702 466//813 944//813 
f 944//813 887//702 467//702 
f 943//814 944//813 466//813 
f 942//812 943//814 469//811 
f 941//810 942//812 468//809 
f 940//808 941//810 518//807 
f 939//806 940//808 507//805 
f 938//804 939//806 506//803 
f 937//802 938//804 542//801 
f 936//800 937//802 536//799 
f 935//798 936//800 535//797 
f 934//796 935//798 538//795 
f 933//794 934//796 537//793 
f 932//792 933//794 565//791 
f 931//790 932//792 544//789 
f 930//788 931//790 543//787 
f 929//786 930//788 547//785 
f 928//784 929//786 546//783 
f 927//782 928//784 549//781 
f 926//780 927//782 568//779 
f 925//778 926//780 570//777 
f 924//776 925//778 572//775 
f 923//774 924//776 574//773 
f 922//772 923//774 576//771 
f 921//770 922//772 593//769 
f 920//768 921//770 595//767 
f 919//766 920//768 597//765 
f 918//764 919//766 578//763 
f 917//762 918//764 552//761 
f 916//760 917//762 551//759 
f 915//758 916//760 554//757 
f 914//756 915//758 556//755 
f 913//754 914//756 558//753 
f 912//752 913//754 557//751 
f 911//750 912//752 580//749 
f 910//748 911//750 579//747 
f 909//746 910//748 582//745 
f 908//744 909//746 583//743 
f 907//742 908//744 561//741 
f 906//740 907//742 635//739 
f 905//738 906//740 634//737 
f 904//736 905//738 618//735 
f 903//734 904//736 617//733 
f 902//732 903//734 636//731 
f 901//730 902//732 653//729 
f 900//728 901//730 652//727 
f 899//726 900//728 663//725 
f 898//724 899//726 654//723 
f 897//722 898//724 637//721 
f 896//720 897//722 614//719 
f 895//718 896//720 613//717 
f 894//716 895//718 564//715 
f 893//714 894//716 591//713 
f 892//712 893//714 638//711 
f 891//710 892//712 620//709 
f 890//708 891//710 622//707 
f 889//706 890//708 621//705 
f 888//704 889//706 675//703 
f 887//702 888//704 674//701 
o mesh19
f 724//815 723//815 791//815 
f 723//815 722//815 792//815 
f 792//815 791//815 723//815 
f 722//815 721//815 793//815 
f 793//815 792//815 722//815 
f 721//815 720//815 794//815 
f 705//815 704//815 804//815 
f 725//815 724//815 790//815 
f 794//815 793//815 721//815 
f 705//815 801//815 800//815 
f 804//815 803//815 705//815 
f 704//815 809//815 808//815 
f 704//815 811//815 810//815 
f 704//815 814//815 813//815 
f 1017//815 826//815 825//815 
f 1017//815 828//815 827//815 
f 1017//815 713//815 771//815 
f 712//815 782//815 781//815 
f 712//815 785//815 784//815 
f 727//815 787//815 786//815 
f 726//815 788//815 787//815 
f 725//815 789//815 788//815 
f 791//815 790//815 724//815 
f 719//815 718//815 796//815 
f 717//815 798//815 797//815 
f 716//815 799//815 798//815 
f 705//815 802//815 801//815 
f 704//815 805//815 804//815 
f 704//815 807//815 806//815 
f 810//815 809//815 704//815 
f 813//815 812//815 704//815 
f 704//815 817//815 816//815 
f 1017//815 820//815 819//815 
f 1017//815 822//815 821//815 
f 825//815 824//815 1017//815 
f 771//815 828//815 1017//815 
f 713//815 774//815 773//815 
f 713//815 780//815 779//815 
f 781//815 713//815 712//815 
f 784//815 783//815 712//815 
f 728//815 786//815 785//815 
f 787//815 727//815 726//815 
f 790//815 789//815 725//815 
f 720//815 719//815 795//815 
f 718//815 797//815 796//815 
f 798//815 717//815 716//815 
f 715//815 800//815 799//815 
f 803//815 802//815 705//815 
f 808//815 807//815 704//815 
f 704//815 815//815 814//815 
f 704//815 818//815 817//815 
f 819//815 704//815 1017//815 
f 1017//815 823//815 822//815 
f 827//815 826//815 1017//815 
f 773//815 772//815 713//815 
f 713//815 778//815 777//815 
f 781//815 780//815 713//815 
f 785//815 712//815 728//815 
f 788//815 726//815 725//815 
f 796//815 795//815 719//815 
f 799//815 716//815 715//815 
f 806//815 805//815 704//815 
f 816//815 815//815 704//815 
f 821//815 820//815 1017//815 
f 772//815 771//815 713//815 
f 713//815 776//815 775//815 
f 779//815 778//815 713//815 
f 786//815 728//815 727//815 
f 797//815 718//815 717//815 
f 812//815 811//815 704//815 
f 824//815 823//815 1017//815 
f 777//815 776//815 713//815 
f 795//815 794//815 720//815 
f 819//815 818//815 704//815 
f 783//815 782//815 712//815 
f 775//815 774//815 713//815 
f 1017//815 945//815 946//815 
f 706//815 947//815 948//815 
f 1017//815 949//815 950//815 
f 1017//815 951//815 945//815 
f 704//815 952//815 951//815 
f 704//815 953//815 954//815 
f 704//815 955//815 956//815 
f 706//815 957//815 958//815 
f 706//815 959//815 960//815 
f 706//815 961//815 962//815 
f 706//815 963//815 964//815 
f 948//815 965//815 706//815 
f 1017//815 966//815 947//815 
f 1017//815 967//815 968//815 
f 950//815 969//815 1017//815 
f 946//815 970//815 1017//815 
f 704//815 971//815 952//815 
f 704//815 972//815 973//815 
f 954//815 974//815 704//815 
f 704//815 975//815 955//815 
f 704//815 976//815 977//815 
f 704//815 909//815 978//815 
f 958//815 979//815 706//815 
f 962//815 959//815 706//815 
f 706//815 980//815 963//815 
f 947//815 706//815 1017//815 
f 1017//815 981//815 982//815 
f 968//815 983//815 1017//815 
f 1017//815 984//815 985//815 
f 970//815 949//815 1017//815 
f 973//815 971//815 704//815 
f 956//815 953//815 704//815 
f 977//815 986//815 704//815 
f 704//815 910//815 909//815 
f 706//815 987//815 988//815 
f 960//815 957//815 706//815 
f 965//815 980//815 706//815 
f 983//815 981//815 1017//815 
f 985//815 989//815 1017//815 
f 1017//815 990//815 991//815 
f 951//815 1017//815 704//815 
f 986//815 975//815 704//815 
f 978//815 992//815 704//815 
f 706//815 993//815 987//815 
f 964//815 961//815 706//815 
f 989//815 967//815 1017//815 
f 969//815 990//815 1017//815 
f 992//815 976//815 704//815 
f 894//815 994//815 995//815 
f 988//815 888//815 706//815 
f 982//815 966//815 1017//815 
f 974//815 972//815 704//815 
f 894//815 996//815 997//815 
f 894//815 998//815 999//815 
f 894//815 1000//815 994//815 
f 893//815 1001//815 1002//815 
f 979//815 993//815 706//815 
f 991//815 1003//815 1017//815 
f 894//815 1004//815 996//815 
f 999//815 1005//815 894//815 
f 995//815 1006//815 894//815 
f 1002//815 894//815 893//815 
f 978//815 909//815 908//815 
f 1003//815 984//815 1017//815 
f 1005//815 1004//815 894//815 
f 1002//815 1000//815 894//815 
f 731//815 732//815 919//815 
f 736//815 924//815 923//815 
f 737//815 925//815 924//815 
f 738//815 926//815 925//815 
f 739//815 927//815 926//815 
f 740//815 741//815 929//815 
f 741//815 742//815 930//815 
f 706//815 942//815 941//815 
f 706//815 944//815 943//815 
f 908//815 907//815 978//815 
f 988//815 890//815 889//815 
f 1006//815 998//815 894//815 
f 893//815 1007//815 1008//815 
f 893//815 1009//815 1010//815 
f 729//815 730//815 917//815 
f 730//815 731//815 918//815 
f 732//815 920//815 919//815 
f 733//815 921//815 920//815 
f 734//815 922//815 921//815 
f 735//815 923//815 922//815 
f 924//815 736//815 737//815 
f 926//815 738//815 739//815 
f 739//815 740//815 928//815 
f 930//815 929//815 741//815 
f 706//815 936//815 935//815 
f 706//815 938//815 937//815 
f 941//815 940//815 706//815 
f 706//815 887//815 944//815 
f 988//815 889//815 888//815 
f 704//815 703//815 912//815 
f 891//815 1011//815 1012//815 
f 997//815 1013//815 894//815 
f 1010//815 1007//815 893//815 
f 918//815 917//815 730//815 
f 920//815 732//815 733//815 
f 922//815 734//815 735//815 
f 925//815 737//815 738//815 
f 929//815 928//815 740//815 
f 742//815 708//815 931//815 
f 708//815 933//815 932//815 
f 935//815 708//815 706//815 
f 706//815 939//815 938//815 
f 943//815 942//815 706//815 
f 907//815 1014//815 978//815 
f 703//815 913//815 912//815 
f 703//815 915//815 914//815 
f 703//815 729//815 916//815 
f 1012//815 1015//815 891//815 
f 890//815 988//815 1011//815 
f 1008//815 1001//815 893//815 
f 1014//815 896//815 895//815 
f 1014//815 898//815 897//815 
f 1014//815 901//815 900//815 
f 1014//815 907//815 906//815 
f 919//815 918//815 731//815 
f 923//815 735//815 736//815 
f 931//815 930//815 742//815 
f 708//815 934//815 933//815 
f 937//815 936//815 706//815 
f 888//815 887//815 706//815 
f 912//815 911//815 704//815 
f 916//815 915//815 703//815 
f 1011//815 891//815 890//815 
f 891//815 1016//815 1009//815 
f 1013//815 1014//815 894//815 
f 897//815 896//815 1014//815 
f 900//815 899//815 1014//815 
f 1014//815 904//815 903//815 
f 906//815 905//815 1014//815 
f 921//815 733//815 734//815 
f 932//815 931//815 708//815 
f 940//815 939//815 706//815 
f 914//815 913//815 703//815 
f 1009//815 892//815 891//815 
f 895//815 894//815 1014//815 
f 1014//815 902//815 901//815 
f 905//815 904//815 1014//815 
f 928//815 927//815 739//815 
f 911//815 910//815 704//815 
f 893//815 892//815 1009//815 
f 903//815 902//815 1014//815 
f 935//815 934//815 708//815 
f 899//815 898//815 1014//815 
f 1015//815 1016//815 891//815 
f 1017//815 850//815 849//815 
f 1017//815 851//815 850//815 
f 706//815 707//815 869//815 
f 747//815 746//815 883//815 
f 745//815 885//815 884//815 
f 744//815 886//815 885//815 
f 1017//815 852//815 851//815 
f 706//815 862//815 861//815 
f 706//815 867//815 866//815 
f 869//815 868//815 706//815 
f 707//815 872//815 871//815 
f 755//815 874//815 873//815 
f 754//815 875//815 874//815 
f 751//815 750//815 879//815 
f 750//815 749//815 880//815 
f 748//815 747//815 882//815 
f 746//815 884//815 883//815 
f 885//815 745//815 744//815 
f 743//815 829//815 886//815 
f 709//815 843//815 842//815 
f 1017//815 845//815 844//815 
f 849//815 848//815 1017//815 
f 706//815 855//815 854//815 
f 706//815 860//815 859//815 
f 706//815 863//815 862//815 
f 706//815 865//815 864//815 
f 868//815 867//815 706//815 
f 871//815 870//815 707//815 
f 756//815 873//815 872//815 
f 874//815 755//815 754//815 
f 753//815 876//815 875//815 
f 753//815 752//815 877//815 
f 752//815 751//815 878//815 
f 880//815 879//815 750//815 
f 749//815 748//815 881//815 
f 883//815 882//815 747//815 
f 886//815 744//815 743//815 
f 711//815 830//815 829//815 
f 711//815 832//815 831//815 
f 709//815 838//815 837//815 
f 709//815 840//815 839//815 
f 842//815 841//815 709//815 
f 1017//815 846//815 845//815 
f 848//815 847//815 1017//815 
f 854//815 1017//815 706//815 
f 706//815 857//815 856//815 
f 861//815 860//815 706//815 
f 866//815 865//815 706//815 
f 872//815 707//815 756//815 
f 875//815 754//815 753//815 
f 878//815 877//815 752//815 
f 881//815 880//815 749//815 
f 884//815 746//815 745//815 
f 831//815 830//815 711//815 
f 709//815 834//815 833//815 
f 709//815 836//815 835//815 
f 839//815 838//815 709//815 
f 709//815 844//815 843//815 
f 847//815 846//815 1017//815 
f 854//815 853//815 1017//815 
f 706//815 858//815 857//815 
f 864//815 863//815 706//815 
f 873//815 756//815 755//815 
f 879//815 878//815 751//815 
f 829//815 743//815 711//815 
f 833//815 711//815 709//815 
f 837//815 836//815 709//815 
f 844//815 709//815 1017//815 
f 856//815 855//815 706//815 
f 870//815 869//815 707//815 
f 882//815 881//815 748//815 
f 835//815 834//815 709//815 
f 853//815 852//815 1017//815 
f 877//815 876//815 753//815 
f 841//815 840//815 709//815 
f 833//815 832//815 711//815 
f 713//815 428//815 427//815 
f 713//815 429//815 428//815 
f 1017//815 709//815 449//815 
f 710//815 462//815 461//815 
f 768//815 769//815 420//815 
f 769//815 770//815 421//815 
f 713//815 426//815 425//815 
f 713//815 430//815 429//815 
f 713//815 1017//815 438//815 
f 1017//815 440//815 439//815 
f 1017//815 445//815 444//815 
f 1017//815 447//815 446//815 
f 709//815 450//815 449//815 
f 461//815 709//815 710//815 
f 710//815 464//815 463//815 
f 710//815 757//815 407//815 
f 758//815 759//815 409//815 
f 759//815 760//815 410//815 
f 764//815 415//815 414//815 
f 765//815 416//815 415//815 
f 766//815 417//815 416//815 
f 767//815 418//815 417//815 
f 767//815 768//815 419//815 
f 421//815 420//815 769//815 
f 427//815 426//815 713//815 
f 438//815 437//815 713//815 
f 1017//815 441//815 440//815 
f 1017//815 443//815 442//815 
f 446//815 445//815 1017//815 
f 449//815 448//815 1017//815 
f 709//815 453//815 452//815 
f 709//815 458//815 457//815 
f 461//815 460//815 709//815 
f 407//815 464//815 710//815 
f 757//815 758//815 408//815 
f 410//815 409//815 759//815 
f 762//815 413//815 412//815 
f 763//815 414//815 413//815 
f 415//815 764//815 765//815 
f 417//815 766//815 767//815 
f 420//815 419//815 768//815 
f 770//815 714//815 422//815 
f 714//815 424//815 423//815 
f 425//815 714//815 713//815 
f 713//815 433//815 432//815 
f 713//815 435//815 434//815 
f 439//815 438//815 1017//815 
f 444//815 443//815 1017//815 
f 709//815 451//815 450//815 
f 709//815 454//815 453//815 
f 709//815 456//815 455//815 
f 709//815 459//815 458//815 
f 463//815 462//815 710//815 
f 409//815 408//815 758//815 
f 761//815 412//815 411//815 
f 413//815 762//815 763//815 
f 416//815 765//815 766//815 
f 422//815 421//815 770//815 
f 425//815 424//815 714//815 
f 432//815 431//815 713//815 
f 713//815 436//815 435//815 
f 442//815 441//815 1017//815 
f 452//815 451//815 709//815 
f 457//815 456//815 709//815 
f 408//815 407//815 757//815 
f 411//815 760//815 761//815 
f 414//815 763//815 764//815 
f 423//815 422//815 714//815 
f 434//815 433//815 713//815 
f 448//815 447//815 1017//815 
f 460//815 459//815 709//815 
f 412//815 761//815 762//815 
f 431//815 430//815 713//815 
f 455//815 454//815 709//815 
f 419//815 418//815 767//815 
f 411//815 410//815 760//815 
f 437//815 436//815 713//815 
f 859//815 858//815 706//815 
f 917//815 916//815 729//815 
f 800//815 715//815 705//815 
o mesh20
f 1018//816 1009//816 1016//816 
f 1016//816 1019//816 1018//816 
o mesh21
f 958//817 1020//818 1021//819 
f 958//817 1022//820 1020//818 
f 979//819 1023//821 1024//822 
f 979//819 1021//819 1023//821 
f 993//822 1025//823 1026//824 
f 993//822 1024//822 1025//823 
f 987//824 1027//825 1028//826 
f 987//824 1026//824 1027//825 
f 988//826 1029//827 1030//828 
f 988//826 1028//826 1029//827 
f 1011//828 1031//829 1032//830 
f 1011//828 1030//828 1031//829 
f 1012//830 1033//831 1034//832 
f 1012//830 1032//830 1033//831 
f 1015//832 1034//832 1019//833 
f 1019//833 1016//833 1015//832 
f 1034//832 1015//832 1012//830 
f 1032//830 1012//830 1011//828 
f 1030//828 1011//828 988//826 
f 1028//826 988//826 987//824 
f 1026//824 987//824 993//822 
f 1024//822 993//822 979//819 
f 1021//819 979//819 958//817 
o mesh22
f 957//834 1035//834 1036//834 
f 957//834 1037//834 1038//834 
f 957//834 1039//834 1035//834 
f 1038//834 1040//834 957//834 
f 957//834 1041//834 1039//834 
f 1040//834 1042//834 957//834 
f 957//834 1043//834 1041//834 
f 1042//834 1044//834 957//834 
f 957//834 1045//834 1043//834 
f 1044//834 1046//834 957//834 
f 957//834 1047//834 1045//834 
f 1046//834 1048//834 957//834 
f 1048//834 1047//834 957//834 
f 957//834 1049//834 1022//834 
f 957//834 1050//834 1037//834 
f 1036//834 1049//834 957//834 
f 1022//834 958//834 957//834 
o mesh23
f 980//835 965//836 1051//836 
f 963//837 980//835 1052//838 
f 1052//838 1053//839 963//837 
f 964//840 963//837 1054//841 
f 1054//841 1055//842 964//840 
f 961//843 964//840 1056//844 
f 1056//844 1057//845 961//843 
f 962//846 961//843 1058//847 
f 1058//847 1059//848 962//846 
f 959//849 962//846 1060//850 
f 1060//850 1061//851 959//849 
f 960//852 959//849 1062//853 
f 1062//853 1063//854 960//852 
f 957//855 960//852 1064//856 
f 1064//856 1065//857 957//855 
f 1065//857 1050//858 957//855 
f 1063//854 1064//856 960//852 
f 1061//851 1062//853 959//849 
f 1059//848 1060//850 962//846 
f 1057//845 1058//847 961//843 
f 1055//842 1056//844 964//840 
f 1053//839 1054//841 963//837 
f 1051//836 1052//838 980//835 
o mesh24
f 1066//859 1006//859 995//859 
f 995//859 1067//859 1066//859 
o mesh25
f 998//860 1006//859 1066//859 
f 999//861 998//860 1068//860 
f 1068//860 1069//862 999//861 
f 1005//863 999//861 1070//864 
f 1070//864 1071//865 1005//863 
f 1004//866 1005//863 1072//867 
f 1072//867 1073//868 1004//866 
f 996//869 1004//866 1074//870 
f 1074//870 1075//871 996//869 
f 997//872 996//869 1076//873 
f 1076//873 1077//874 997//872 
f 1013//875 997//872 1078//876 
f 1078//876 1079//877 1013//875 
f 1014//878 1013//875 1080//879 
f 1080//879 1081//880 1014//878 
f 1081//880 1082//881 1014//878 
f 1079//877 1080//879 1013//875 
f 1077//874 1078//876 997//872 
f 1075//871 1076//873 996//869 
f 1073//868 1074//870 1004//866 
f 1071//865 1072//867 1005//863 
f 1069//862 1070//864 999//861 
f 1066//859 1068//860 998//860 
o mesh26
f 953//882 1083//882 1084//882 
f 1084//882 954//882 953//882 
o mesh27
f 978//881 1085//883 1086//884 
f 978//881 1087//885 1085//883 
f 992//886 1088//887 1089//888 
f 992//886 1086//884 1088//887 
f 976//889 1090//890 1091//891 
f 976//889 1089//888 1090//890 
f 977//892 1092//893 1093//894 
f 977//892 1091//891 1092//893 
f 986//895 1094//896 1095//897 
f 986//895 1093//894 1094//896 
f 975//898 1096//899 1097//900 
f 975//898 1095//897 1096//899 
f 955//901 1098//902 1099//903 
f 955//901 1097//900 1098//902 
f 956//904 1099//903 1083//905 
f 1083//905 953//905 956//904 
f 1099//903 956//904 955//901 
f 1097//900 955//901 975//898 
f 1095//897 975//898 986//895 
f 1093//894 986//895 977//892 
f 1091//891 977//892 976//889 
f 1089//888 976//889 992//886 
f 1086//884 992//886 978//881 
o mesh28
f 974//906 954//905 1084//905 
f 972//907 974//906 1100//908 
f 1100//908 1101//909 972//907 
f 973//910 972//907 1102//911 
f 1102//911 1103//912 973//910 
f 971//913 973//910 1104//914 
f 1104//914 1105//915 971//913 
f 952//916 971//913 1106//917 
f 1106//917 1107//918 952//916 
f 951//919 952//916 1108//920 
f 1108//920 1109//921 951//919 
f 945//922 951//919 1110//923 
f 1110//923 1111//924 945//922 
f 946//925 945//922 1112//926 
f 1112//926 1113//927 946//925 
f 1113//927 1114//928 946//925 
f 1111//924 1112//926 945//922 
f 1109//921 1110//923 951//919 
f 1107//918 1108//920 952//916 
f 1105//915 1106//917 971//913 
f 1103//912 1104//914 973//910 
f 1101//909 1102//911 972//907 
f 1084//905 1100//908 974//906 
o mesh29
f 1099//929 1101//930 1100//929 
f 1100//929 1083//931 1099//929 
f 1099//929 1098//930 1101//930 
f 1102//932 1101//930 1098//930 
f 1098//930 1097//932 1102//932 
f 1096//933 1103//933 1102//932 
f 1104//934 1103//933 1096//933 
f 1096//933 1095//934 1104//934 
f 1094//935 1105//935 1104//934 
f 1106//936 1105//935 1094//935 
f 1094//935 1093//936 1106//936 
f 1092//937 1107//937 1106//936 
f 1108//938 1107//937 1092//937 
f 1092//937 1091//938 1108//938 
f 1090//939 1109//939 1108//938 
f 1110//940 1109//939 1090//939 
f 1090//939 1089//940 1110//940 
f 1088//941 1111//941 1110//940 
f 1112//942 1111//941 1088//941 
f 1088//941 1086//942 1112//942 
f 1085//943 1113//943 1112//942 
f 1114//944 1113//943 1085//943 
f 1085//943 1087//944 1114//944 
f 1115//945 1116//945 1114//944 
f 1117//946 1118//946 1116//945 
f 1119//947 1120//947 1118//946 
f 1121//948 1120//947 1119//947 
f 1122//949 1121//948 1123//948 
f 1124//950 1125//950 1122//949 
f 1126//951 1127//951 1125//950 
f 1128//952 1129//952 1127//951 
f 1127//951 1126//951 1128//952 
f 1125//950 1124//950 1126//951 
f 1122//949 1130//953 1124//950 
f 1123//948 1130//953 1122//949 
f 1119//947 1123//948 1121//948 
f 1118//946 1117//946 1119//947 
f 1116//945 1115//945 1117//946 
f 1087//944 1115//945 1114//944 
f 1086//942 1085//943 1112//942 
f 1089//940 1088//941 1110//940 
f 1091//938 1090//939 1108//938 
f 1093//936 1092//937 1106//936 
f 1095//934 1094//935 1104//934 
f 1097//932 1096//933 1102//932 
f 1100//929 1084//954 1083//931 
o mesh30
f 946//955 1116//955 1118//955 
f 970//955 1131//955 1132//955 
f 1118//955 1120//955 946//955 
f 970//955 1133//955 1131//955 
f 1120//955 1121//955 946//955 
f 970//955 1134//955 1133//955 
f 1121//955 1122//955 946//955 
f 970//955 1135//955 1134//955 
f 1122//955 1125//955 946//955 
f 970//955 1136//955 1135//955 
f 1125//955 1127//955 946//955 
f 970//955 1137//955 1136//955 
f 946//955 1129//955 1137//955 
f 946//955 1114//955 1116//955 
f 1132//955 1138//955 970//955 
f 1127//955 1129//955 946//955 
f 1137//955 970//955 946//955 
f 1138//955 1139//955 970//955 
o mesh31
f 1140//956 1141//957 1142//958 
f 1140//956 1143//959 1141//957 
f 1142//958 1144//958 1140//956 
f 1145//960 1146//961 1143//959 
f 1145//960 1147//962 1146//961 
f 1143//959 1148//963 1145//960 
f 1149//964 1150//965 1147//962 
f 1149//964 1151//966 1150//965 
f 1147//962 1152//967 1149//964 
f 1153//968 1154//969 1151//966 
f 1153//968 1155//970 1154//969 
f 1151//966 1156//971 1153//968 
f 1157//972 1158//973 1155//970 
f 1157//972 1159//974 1158//973 
f 1155//970 1160//975 1157//972 
f 1161//976 1162//977 1159//974 
f 1161//976 1163//978 1162//977 
f 1159//974 1164//979 1161//976 
f 1165//980 1166//981 1163//978 
f 1165//980 1167//982 1166//981 
f 1163//978 1168//983 1165//980 
f 1169//984 1170//985 1136//985 
f 1136//985 1170//985 1171//986 
f 1171//986 1172//987 1134//987 
f 1134//987 1172//987 1173//988 
f 1133//988 1173//988 1174//989 
f 1174//989 1175//990 1132//990 
f 1132//990 1175//990 1176//991 
f 1139//992 1177//992 1167//982 
f 1139//992 1176//991 1177//992 
f 1167//982 1178//993 1139//992 
f 1139//992 1138//994 1176//991 
f 1176//991 1138//994 1132//990 
f 1132//990 1131//995 1174//989 
f 1174//989 1131//995 1133//988 
f 1173//988 1133//988 1134//987 
f 1134//987 1135//996 1171//986 
f 1171//986 1135//996 1136//985 
f 1136//985 1137//997 1169//984 
f 1165//980 1178//993 1167//982 
f 1161//976 1168//983 1163//978 
f 1157//972 1164//979 1159//974 
f 1153//968 1160//975 1155//970 
f 1149//964 1156//971 1151//966 
f 1145//960 1152//967 1147//962 
f 1140//956 1148//963 1143//959 
o mesh32
f 1142//998 989//998 985//998 
f 985//998 1144//998 1142//998 
o mesh33
f 967//999 989//998 1142//998 
f 968//1000 967//999 1141//999 
f 1141//999 1143//1001 968//1000 
f 983//1002 968//1000 1146//1003 
f 1146//1003 1147//1004 983//1002 
f 981//1005 983//1002 1150//1006 
f 1150//1006 1151//1007 981//1005 
f 982//1008 981//1005 1154//1009 
f 1154//1009 1155//1010 982//1008 
f 966//1011 982//1008 1158//1012 
f 1158//1012 1159//1013 966//1011 
f 947//1014 966//1011 1162//1015 
f 1162//1015 1163//1016 947//1014 
f 948//1017 947//1014 1166//1018 
f 1166//1018 1167//1019 948//1017 
f 1167//1019 1177//1020 948//1017 
f 1163//1016 1166//1018 947//1014 
f 1159//1013 1162//1015 966//1011 
f 1155//1010 1158//1012 982//1008 
f 1151//1007 1154//1009 981//1005 
f 1147//1004 1150//1006 983//1002 
f 1143//1001 1146//1003 968//1000 
f 1142//998 1141//999 967//999 
o mesh34
f 970//1021 1178//1022 1165//1023 
f 970//1021 1139//1024 1178//1022 
f 949//1025 1168//1026 1161//1027 
f 949//1025 1165//1023 1168//1026 
f 950//1028 1164//1029 1157//1030 
f 950//1028 1161//1027 1164//1029 
f 969//1031 1160//1032 1153//1033 
f 969//1031 1157//1030 1160//1032 
f 990//1034 1156//1035 1149//1036 
f 990//1034 1153//1033 1156//1035 
f 991//1037 1152//1038 1145//1039 
f 991//1037 1149//1036 1152//1038 
f 1003//1040 1148//1041 1140//1042 
f 1003//1040 1145//1039 1148//1041 
f 984//1043 1140//1042 1144//1044 
f 1144//1044 985//1044 984//1043 
f 1140//1042 984//1043 1003//1040 
f 1145//1039 1003//1040 991//1037 
f 1149//1036 991//1037 990//1034 
f 1153//1033 990//1034 969//1031 
f 1157//1030 969//1031 950//1028 
f 1161//1027 950//1028 949//1025 
f 1165//1023 949//1025 970//1021 
o mesh35
f 1009//1045 1018//1045 1179//1046 
f 1010//1046 1179//1046 1180//1047 
f 1007//1047 1180//1047 1181//1048 
f 1008//1048 1181//1048 1182//1049 
f 1001//1049 1182//1049 1183//1050 
f 1002//1050 1183//1050 1184//1051 
f 1000//1051 1184//1051 1185//1052 
f 994//1052 1185//1052 1067//1053 
f 1067//1053 995//1053 994//1052 
f 1185//1052 994//1052 1000//1051 
f 1184//1051 1000//1051 1002//1050 
f 1183//1050 1002//1050 1001//1049 
f 1182//1049 1001//1049 1008//1048 
f 1181//1048 1008//1048 1007//1047 
f 1180//1047 1007//1047 1010//1046 
f 1179//1046 1010//1046 1009//1045 
o mesh36
f 1186//1054 1067//1053 1185//1055 
f 1215//1056 1185//1055 1184//1057 
f 1216//1058 1184//1057 1183//1059 
f 1217//1060 1183//1059 1182//1061 
f 1218//1062 1182//1061 1181//1063 
f 1219//1064 1181//1063 1180//1065 
f 1220//1066 1180//1065 1179//1067 
f 1221//1068 1179//1067 1018//1069 
f 1187//1070 1186//1054 1215//1056 
f 1222//1071 1215//1056 1216//1058 
f 1223//1072 1216//1058 1217//1060 
f 1224//1073 1217//1060 1218//1062 
f 1225//1074 1218//1062 1219//1064 
f 1226//1075 1219//1064 1220//1066 
f 1227//1076 1220//1066 1221//1068 
f 1228//1077 1221//1068 1188//1078 
f 1189//1079 1187//1070 1222//1071 
f 1229//1080 1222//1071 1223//1072 
f 1230//1081 1223//1072 1224//1073 
f 1231//1082 1224//1073 1225//1074 
f 1232//1083 1225//1074 1226//1075 
f 1233//1084 1226//1075 1227//1076 
f 1234//1085 1227//1076 1228//1077 
f 1235//1086 1228//1077 1190//1087 
f 1191//1088 1189//1079 1229//1080 
f 1236//1089 1229//1080 1230//1081 
f 1237//1090 1230//1081 1231//1082 
f 1238//1091 1231//1082 1232//1083 
f 1239//1092 1232//1083 1233//1084 
f 1240//1093 1233//1084 1234//1085 
f 1241//1094 1234//1085 1235//1086 
f 1242//1095 1235//1086 1192//1096 
f 1193//1097 1191//1088 1236//1089 
f 1243//1098 1236//1089 1237//1090 
f 1244//1099 1237//1090 1238//1091 
f 1245//1100 1238//1091 1239//1092 
f 1246//1101 1239//1092 1240//1093 
f 1247//1102 1240//1093 1241//1094 
f 1248//1103 1241//1094 1242//1095 
f 1249//1104 1242//1095 1194//1105 
f 1195//1106 1193//1097 1243//1098 
f 1250//1107 1243//1098 1244//1099 
f 1251//1108 1244//1099 1245//1100 
f 1252//1109 1245//1100 1246//1101 
f 1253//1110 1246//1101 1247//1102 
f 1254//1111 1247//1102 1248//1103 
f 1255//1112 1248//1103 1249//1104 
f 1256//1113 1249//1104 1196//1114 
f 1197//1115 1195//1106 1250//1107 
f 1257//1116 1250//1107 1251//1108 
f 1258//1117 1251//1108 1252//1109 
f 1259//1118 1252//1109 1253//1110 
f 1260//1119 1253//1110 1254//1111 
f 1261//1120 1254//1111 1255//1112 
f 1262//1121 1255//1112 1256//1113 
f 1263//1122 1256//1113 1198//1123 
f 1199//1124 1197//1115 1257//1116 
f 1264//1125 1257//1116 1258//1117 
f 1265//1126 1258//1117 1259//1118 
f 1266//1127 1259//1118 1260//1119 
f 1267//1128 1260//1119 1261//1120 
f 1268//1129 1261//1120 1262//1121 
f 1269//1130 1262//1121 1263//1122 
f 1270//1131 1263//1122 1200//1132 
f 1201//1133 1199//1124 1264//1125 
f 1271//1134 1264//1125 1265//1126 
f 1272//1135 1265//1126 1266//1127 
f 1273//1136 1266//1127 1267//1128 
f 1274//1137 1267//1128 1268//1129 
f 1275//1138 1268//1129 1269//1130 
f 1276//1139 1269//1130 1270//1131 
f 1277//1140 1270//1131 1202//1141 
f 1203//1142 1201//1133 1271//1134 
f 1278//1143 1271//1134 1272//1135 
f 1279//1144 1272//1135 1273//1136 
f 1280//1145 1273//1136 1274//1137 
f 1281//1146 1274//1137 1275//1138 
f 1282//1147 1275//1138 1276//1139 
f 1283//1148 1276//1139 1277//1140 
f 1284//1149 1277//1140 1204//1150 
f 1205//1151 1203//1142 1278//1143 
f 1285//1152 1278//1143 1279//1144 
f 1286//1153 1279//1144 1280//1145 
f 1287//1154 1280//1145 1281//1146 
f 1288//1155 1281//1146 1282//1147 
f 1289//1156 1282//1147 1283//1148 
f 1290//1157 1283//1148 1284//1149 
f 1291//1158 1284//1149 1206//1159 
f 1207//1160 1205//1151 1285//1152 
f 1292//1161 1285//1152 1286//1153 
f 1293//1162 1286//1153 1287//1154 
f 1294//1163 1287//1154 1288//1155 
f 1295//1164 1288//1155 1289//1156 
f 1296//1165 1289//1156 1290//1157 
f 1297//1166 1290//1157 1291//1158 
f 1298//1167 1291//1158 1208//1168 
f 1209//1169 1207//1160 1292//1161 
f 1299//1170 1292//1161 1293//1162 
f 1300//1171 1293//1162 1294//1163 
f 1301//1172 1294//1163 1295//1164 
f 1302//1173 1295//1164 1296//1165 
f 1303//1174 1296//1165 1297//1166 
f 1304//1175 1297//1166 1298//1167 
f 1305//1176 1298//1167 1210//1177 
f 1211//1178 1209//1169 1299//1170 
f 1306//1179 1299//1170 1300//1171 
f 1307//1180 1300//1171 1301//1172 
f 1308//1181 1301//1172 1302//1173 
f 1309//1182 1302//1173 1303//1174 
f 1310//1183 1303//1174 1304//1175 
f 1311//1184 1304//1175 1305//1176 
f 1312//1185 1305//1176 1212//1186 
f 1213//1187 1312//1185 1214//1188 
f 1213//1187 1311//1184 1312//1185 
f 1213//1187 1310//1183 1311//1184 
f 1213//1187 1309//1182 1310//1183 
f 1213//1187 1308//1181 1309//1182 
f 1213//1187 1307//1180 1308//1181 
f 1213//1187 1306//1179 1307//1180 
f 1213//1187 1211//1178 1306//1179 
f 1212//1186 1214//1188 1312//1185 
f 1305//1176 1312//1185 1311//1184 
f 1304//1175 1311//1184 1310//1183 
f 1303//1174 1310//1183 1309//1182 
f 1302//1173 1309//1182 1308//1181 
f 1301//1172 1308//1181 1307//1180 
f 1300//1171 1307//1180 1306//1179 
f 1299//1170 1306//1179 1211//1178 
f 1210//1177 1212//1186 1305//1176 
f 1298//1167 1305//1176 1304//1175 
f 1297//1166 1304//1175 1303//1174 
f 1296//1165 1303//1174 1302//1173 
f 1295//1164 1302//1173 1301//1172 
f 1294//1163 1301//1172 1300//1171 
f 1293//1162 1300//1171 1299//1170 
f 1292//1161 1299//1170 1209//1169 
f 1208//1168 1210//1177 1298//1167 
f 1291//1158 1298//1167 1297//1166 
f 1290//1157 1297//1166 1296//1165 
f 1289//1156 1296//1165 1295//1164 
f 1288//1155 1295//1164 1294//1163 
f 1287//1154 1294//1163 1293//1162 
f 1286//1153 1293//1162 1292//1161 
f 1285//1152 1292//1161 1207//1160 
f 1206//1159 1208//1168 1291//1158 
f 1284//1149 1291//1158 1290//1157 
f 1283//1148 1290//1157 1289//1156 
f 1282//1147 1289//1156 1288//1155 
f 1281//1146 1288//1155 1287//1154 
f 1280//1145 1287//1154 1286//1153 
f 1279//1144 1286//1153 1285//1152 
f 1278//1143 1285//1152 1205//1151 
f 1204//1150 1206//1159 1284//1149 
f 1277//1140 1284//1149 1283//1148 
f 1276//1139 1283//1148 1282//1147 
f 1275//1138 1282//1147 1281//1146 
f 1274//1137 1281//1146 1280//1145 
f 1273//1136 1280//1145 1279//1144 
f 1272//1135 1279//1144 1278//1143 
f 1271//1134 1278//1143 1203//1142 
f 1202//1141 1204//1150 1277//1140 
f 1270//1131 1277//1140 1276//1139 
f 1269//1130 1276//1139 1275//1138 
f 1268//1129 1275//1138 1274//1137 
f 1267//1128 1274//1137 1273//1136 
f 1266//1127 1273//1136 1272//1135 
f 1265//1126 1272//1135 1271//1134 
f 1264//1125 1271//1134 1201//1133 
f 1200//1132 1202//1141 1270//1131 
f 1263//1122 1270//1131 1269//1130 
f 1262//1121 1269//1130 1268//1129 
f 1261//1120 1268//1129 1267//1128 
f 1260//1119 1267//1128 1266//1127 
f 1259//1118 1266//1127 1265//1126 
f 1258//1117 1265//1126 1264//1125 
f 1257//1116 1264//1125 1199//1124 
f 1198//1123 1200//1132 1263//1122 
f 1256//1113 1263//1122 1262//1121 
f 1255//1112 1262//1121 1261//1120 
f 1254//1111 1261//1120 1260//1119 
f 1253//1110 1260//1119 1259//1118 
f 1252//1109 1259//1118 1258//1117 
f 1251//1108 1258//1117 1257//1116 
f 1250//1107 1257//1116 1197//1115 
f 1196//1114 1198//1123 1256//1113 
f 1249//1104 1256//1113 1255//1112 
f 1248//1103 1255//1112 1254//1111 
f 1247//1102 1254//1111 1253//1110 
f 1246//1101 1253//1110 1252//1109 
f 1245//1100 1252//1109 1251//1108 
f 1244//1099 1251//1108 1250//1107 
f 1243//1098 1250//1107 1195//1106 
f 1194//1105 1196//1114 1249//1104 
f 1242//1095 1249//1104 1248//1103 
f 1241//1094 1248//1103 1247//1102 
f 1240//1093 1247//1102 1246//1101 
f 1239//1092 1246//1101 1245//1100 
f 1238//1091 1245//1100 1244//1099 
f 1237//1090 1244//1099 1243//1098 
f 1236//1089 1243//1098 1193//1097 
f 1192//1096 1194//1105 1242//1095 
f 1235//1086 1242//1095 1241//1094 
f 1234//1085 1241//1094 1240//1093 
f 1233//1084 1240//1093 1239//1092 
f 1232//1083 1239//1092 1238//1091 
f 1231//1082 1238//1091 1237//1090 
f 1230//1081 1237//1090 1236//1089 
f 1229//1080 1236//1089 1191//1088 
f 1190//1087 1192//1096 1235//1086 
f 1228//1077 1235//1086 1234//1085 
f 1227//1076 1234//1085 1233//1084 
f 1226//1075 1233//1084 1232//1083 
f 1225//1074 1232//1083 1231//1082 
f 1224//1073 1231//1082 1230//1081 
f 1223//1072 1230//1081 1229//1080 
f 1222//1071 1229//1080 1189//1079 
f 1188//1078 1190//1087 1228//1077 
f 1221//1068 1228//1077 1227//1076 
f 1220//1066 1227//1076 1226//1075 
f 1219//1064 1226//1075 1225//1074 
f 1218//1062 1225//1074 1224//1073 
f 1217//1060 1224//1073 1223//1072 
f 1216//1058 1223//1072 1222//1071 
f 1215//1056 1222//1071 1187//1070 
f 1018//1069 1188//1078 1221//1068 
f 1179//1067 1221//1068 1220//1066 
f 1180//1065 1220//1066 1219//1064 
f 1181//1063 1219//1064 1218//1062 
f 1182//1061 1218//1062 1217//1060 
f 1183//1059 1217//1060 1216//1058 
f 1184//1057 1216//1058 1215//1056 
f 1185//1055 1215//1056 1186//1054 
o mesh37
f 1197//1189 1080//1190 1079//1191 
f 1197//1189 1081//1192 1080//1190 
f 1195//1193 1078//1194 1077//1195 
f 1195//1193 1079//1191 1078//1194 
f 1193//1196 1076//1197 1075//1198 
f 1193//1196 1077//1195 1076//1197 
f 1191//1199 1074//1200 1073//1201 
f 1191//1199 1075//1198 1074//1200 
f 1189//1202 1072//1203 1071//1204 
f 1189//1202 1073//1201 1072//1203 
f 1187//1205 1070//1206 1069//1207 
f 1187//1205 1071//1204 1070//1206 
f 1186//1208 1068//1209 1066//1210 
f 1186//1208 1069//1207 1068//1209 
f 1213//1211 1313//1211 1314//1212 
f 1211//1212 1314//1212 1315//1213 
f 1209//1213 1315//1213 1316//1214 
f 1207//1214 1316//1214 1317//1215 
f 1205//1215 1317//1215 1318//1216 
f 1203//1216 1318//1216 1319//1217 
f 1201//1217 1319//1217 1320//1218 
f 1199//1218 1082//1219 1081//1192 
f 1199//1218 1320//1218 1082//1219 
f 1081//1192 1197//1189 1199//1218 
f 1320//1218 1199//1218 1201//1217 
f 1319//1217 1201//1217 1203//1216 
f 1318//1216 1203//1216 1205//1215 
f 1317//1215 1205//1215 1207//1214 
f 1316//1214 1207//1214 1209//1213 
f 1315//1213 1209//1213 1211//1212 
f 1314//1212 1211//1212 1213//1211 
f 1066//1210 1067//1220 1186//1208 
f 1069//1207 1186//1208 1187//1205 
f 1071//1204 1187//1205 1189//1202 
f 1073//1201 1189//1202 1191//1199 
f 1075//1198 1191//1199 1193//1196 
f 1077//1195 1193//1196 1195//1193 
f 1079//1191 1195//1193 1197//1189 
o mesh38
f 1188//1221 1018//1222 1019//1222 
f 1019//1222 1034//1223 1188//1221 
f 1190//1224 1188//1221 1033//1225 
f 1033//1225 1032//1226 1190//1224 
f 1192//1227 1190//1224 1031//1228 
f 1031//1228 1030//1229 1192//1227 
f 1194//1230 1192//1227 1029//1231 
f 1029//1231 1028//1232 1194//1230 
f 1196//1233 1194//1230 1027//1234 
f 1027//1234 1026//1235 1196//1233 
f 1198//1236 1196//1233 1025//1237 
f 1025//1237 1024//1238 1198//1236 
f 1200//1239 1198//1236 1023//1240 
f 1023//1240 1021//1241 1200//1239 
f 1202//1242 1200//1239 1020//1243 
f 1020//1243 1022//1244 1202//1242 
f 1204//1245 1202//1242 1049//1246 
f 1206//1247 1204//1245 1036//1248 
f 1208//1249 1206//1247 1035//1250 
f 1210//1251 1208//1249 1039//1252 
f 1212//1253 1210//1251 1041//1254 
f 1214//1255 1212//1253 1043//1256 
f 1213//1257 1214//1255 1045//1258 
f 1045//1258 1047//1257 1213//1257 
f 1043//1256 1045//1258 1214//1255 
f 1041//1254 1043//1256 1212//1253 
f 1039//1252 1041//1254 1210//1251 
f 1035//1250 1039//1252 1208//1249 
f 1036//1248 1035//1250 1206//1247 
f 1049//1246 1036//1248 1204//1245 
f 1022//1244 1049//1246 1202//1242 
f 1021//1241 1020//1243 1200//1239 
f 1024//1238 1023//1240 1198//1236 
f 1026//1235 1025//1237 1196//1233 
f 1028//1232 1027//1234 1194//1230 
f 1030//1229 1029//1231 1192//1227 
f 1032//1226 1031//1228 1190//1224 
f 1034//1223 1033//1225 1188//1221 
o mesh39
f 1048//1259 1321//1259 1322//1260 
f 1321//1259 1048//1259 1046//1261 
f 1044//1262 1323//1262 1324//1261 
f 1323//1262 1044//1262 1042//1263 
f 1040//1264 1325//1264 1326//1263 
f 1038//1265 1327//1265 1325//1264 
f 1327//1265 1038//1265 1037//1266 
f 1328//1266 1050//1267 1065//1268 
f 1328//1266 1037//1266 1050//1267 
f 1329//1269 1064//1270 1063//1271 
f 1329//1269 1065//1268 1064//1270 
f 1330//1272 1062//1273 1061//1274 
f 1061//1274 1331//1275 1332//1276 
f 1330//1272 1063//1271 1062//1273 
f 1331//1275 1060//1277 1059//1278 
f 1059//1278 1333//1279 1334//1280 
f 1331//1275 1061//1274 1060//1277 
f 1333//1279 1058//1281 1057//1282 
f 1057//1282 1335//1283 1336//1284 
f 1333//1279 1059//1278 1058//1281 
f 1335//1283 1056//1285 1055//1286 
f 1055//1286 1337//1287 1338//1288 
f 1335//1283 1057//1282 1056//1285 
f 1337//1287 1054//1289 1053//1290 
f 1053//1290 1339//1291 1340//1292 
f 1337//1287 1055//1286 1054//1289 
f 1339//1291 1052//1293 1051//1294 
f 1051//1294 1341//1294 1342//1295 
f 1339//1291 1053//1290 1052//1293 
f 1051//1294 1342//1295 1339//1291 
f 1053//1290 1340//1292 1337//1287 
f 1055//1286 1338//1288 1335//1283 
f 1057//1282 1336//1284 1333//1279 
f 1059//1278 1334//1280 1331//1275 
f 1061//1274 1332//1276 1330//1272 
f 1063//1271 1330//1272 1329//1269 
f 1065//1268 1329//1269 1328//1266 
f 1037//1266 1328//1266 1327//1265 
f 1325//1264 1040//1264 1038//1265 
f 1326//1263 1042//1263 1040//1264 
f 1042//1263 1326//1263 1323//1262 
f 1324//1261 1046//1261 1044//1262 
f 1046//1261 1324//1261 1321//1259 
f 1322//1260 1047//1296 1048//1259 
o mesh40
f 1343//1297 1344//1296 1322//1296 
f 1345//1298 1343//1297 1321//1297 
f 1346//1299 1345//1298 1324//1298 
f 1347//1300 1346//1299 1323//1299 
f 1348//1301 1347//1300 1326//1300 
f 1349//1302 1348//1301 1325//1301 
f 1350//1303 1349//1302 1327//1302 
f 1351//1304 1350//1303 1328//1303 
f 1352//1305 1351//1304 1329//1304 
f 1353//1306 1352//1305 1330//1305 
f 1330//1305 1332//1307 1353//1306 
f 1354//1308 1353//1306 1331//1309 
f 1331//1309 1334//1310 1354//1308 
f 1355//1311 1354//1308 1333//1312 
f 1333//1312 1336//1313 1355//1311 
f 1356//1314 1355//1311 1335//1315 
f 1335//1315 1338//1316 1356//1314 
f 1357//1317 1356//1314 1337//1318 
f 1337//1318 1340//1319 1357//1317 
f 1358//1320 1357//1317 1339//1321 
f 1339//1321 1342//1322 1358//1320 
f 1342//1322 1341//1323 1358//1320 
f 1340//1319 1339//1321 1357//1317 
f 1338//1316 1337//1318 1356//1314 
f 1336//1313 1335//1315 1355//1311 
f 1334//1310 1333//1312 1354//1308 
f 1332//1307 1331//1309 1353//1306 
f 1329//1304 1330//1305 1352//1305 
f 1328//1303 1329//1304 1351//1304 
f 1327//1302 1328//1303 1350//1303 
f 1325//1301 1327//1302 1349//1302 
f 1326//1300 1325//1301 1348//1301 
f 1323//1299 1326//1300 1347//1300 
f 1324//1298 1323//1299 1346//1299 
f 1321//1297 1324//1298 1345//1298 
f 1322//1296 1321//1297 1343//1297 
o mesh41
f 1359//1323 1360//1323 1358//1323 
f 1358//1323 1341//1323 1359//1323 
o mesh42
f 1361//1324 1360//1323 1359//1323 
f 1362//1325 1361//1324 1363//1324 
f 1364//1326 1362//1325 1365//1325 
f 1366//1327 1364//1326 1367//1326 
f 1368//1328 1366//1327 1369//1327 
f 1370//1329 1368//1328 1371//1328 
f 1372//1330 1370//1329 1373//1329 
f 1374//1331 1372//1330 1375//1330 
f 1376//1332 1374//1331 1377//1331 
f 1378//1333 1376//1332 1379//1332 
f 1380//1334 1378//1333 1381//1333 
f 1382//1335 1380//1334 1383//1334 
f 1384//1336 1382//1335 1385//1335 
f 1386//1337 1384//1336 1387//1336 
f 1388//1338 1386//1337 1389//1337 
f 1389//1337 1390//1338 1388//1338 
f 1387//1336 1389//1337 1386//1337 
f 1385//1335 1387//1336 1384//1336 
f 1383//1334 1385//1335 1382//1335 
f 1381//1333 1383//1334 1380//1334 
f 1379//1332 1381//1333 1378//1333 
f 1377//1331 1379//1332 1376//1332 
f 1375//1330 1377//1331 1374//1331 
f 1373//1329 1375//1330 1372//1330 
f 1371//1328 1373//1329 1370//1329 
f 1369//1327 1371//1328 1368//1328 
f 1367//1326 1369//1327 1366//1327 
f 1365//1325 1367//1326 1364//1326 
f 1363//1324 1365//1325 1362//1325 
f 1359//1323 1363//1324 1361//1324 
o mesh43
f 1388//1338 1390//1338 1391//1338 
f 1391//1338 1392//1338 1388//1338 
o mesh44
f 1393//1339 1394//1340 1395//1340 
f 1396//1341 1393//1339 1397//1342 
f 1398//1343 1396//1341 1399//1344 
f 1400//1345 1398//1343 1401//1346 
f 1402//1347 1400//1345 1403//1348 
f 1404//1349 1402//1347 1405//1350 
f 1406//1351 1404//1349 1407//1352 
f 1408//1353 1406//1351 1409//1354 
f 1410//1355 1408//1353 1411//1356 
f 1412//1357 1410//1355 1413//1358 
f 1414//1359 1412//1357 1415//1360 
f 1416//1361 1414//1359 1417//1362 
f 1418//1363 1416//1361 1419//1364 
f 1420//1365 1418//1363 1421//1366 
f 1391//1367 1420//1365 1422//1368 
f 1422//1368 1392//1367 1391//1367 
f 1421//1366 1422//1368 1420//1365 
f 1419//1364 1421//1366 1418//1363 
f 1417//1362 1419//1364 1416//1361 
f 1415//1360 1417//1362 1414//1359 
f 1413//1358 1415//1360 1412//1357 
f 1411//1356 1413//1358 1410//1355 
f 1409//1354 1411//1356 1408//1353 
f 1407//1352 1409//1354 1406//1351 
f 1405//1350 1407//1352 1404//1349 
f 1403//1348 1405//1350 1402//1347 
f 1401//1346 1403//1348 1400//1345 
f 1399//1344 1401//1346 1398//1343 
f 1397//1342 1399//1344 1396//1341 
f 1395//1340 1397//1342 1393//1339 
o mesh45
f 1423//1369 1424//1369 1425//1369 
f 1423//1369 1426//1369 1427//1369 
f 1428//1369 1429//1369 1430//1369 
f 948//1369 1176//1369 1175//1369 
f 1425//1369 1431//1369 1423//1369 
f 1427//1369 1432//1369 1423//1369 
f 1428//1369 1433//1369 1429//1369 
f 1175//1369 1174//1369 948//1369 
f 1426//1369 1423//1369 1434//1369 
f 1432//1369 1424//1369 1423//1369 
f 1428//1369 1435//1369 1433//1369 
f 1428//1369 1436//1369 1437//1369 
f 1174//1369 1173//1369 948//1369 
f 1431//1369 1438//1369 1423//1369 
f 1437//1369 1435//1369 1428//1369 
f 1173//1369 1172//1369 948//1369 
f 1051//1369 1363//1369 1359//1369 
f 1051//1369 1367//1369 1365//1369 
f 1051//1369 1371//1369 1369//1369 
f 1430//1369 1426//1369 1428//1369 
f 1172//1369 1171//1369 948//1369 
f 1365//1369 1363//1369 1051//1369 
f 1051//1369 1373//1369 1371//1369 
f 1051//1369 1377//1369 1375//1369 
f 1051//1369 1381//1369 1379//1369 
f 948//1369 1391//1369 1390//1369 
f 1434//1369 1428//1369 1426//1369 
f 1169//1369 1436//1369 1394//1369 
f 1171//1369 1170//1369 948//1369 
f 1369//1369 1367//1369 1051//1369 
f 1379//1369 1377//1369 1051//1369 
f 965//1369 1385//1369 1383//1369 
f 948//1369 1420//1369 1391//1369 
f 948//1369 1416//1369 1418//1369 
f 1394//1369 948//1369 1169//1369 
f 948//1369 1177//1369 1176//1369 
f 1375//1369 1373//1369 1051//1369 
f 1383//1369 1051//1369 965//1369 
f 965//1369 1389//1369 1387//1369 
f 1390//1369 965//1369 948//1369 
f 948//1369 1414//1369 1416//1369 
f 948//1369 1402//1369 1404//1369 
f 1170//1369 1169//1369 948//1369 
f 1383//1369 1381//1369 1051//1369 
f 1390//1369 1389//1369 965//1369 
f 948//1369 1412//1369 1414//1369 
f 948//1369 1408//1369 1410//1369 
f 1404//1369 1406//1369 948//1369 
f 948//1369 1398//1369 1400//1369 
f 948//1369 1393//1369 1396//1369 
f 1428//1369 1394//1369 1436//1369 
f 1387//1369 1385//1369 965//1369 
f 1410//1369 1412//1369 948//1369 
f 1400//1369 1402//1369 948//1369 
f 1394//1369 1393//1369 948//1369 
f 1418//1369 1420//1369 948//1369 
f 1396//1369 1398//1369 948//1369 
f 1406//1369 1408//1369 948//1369 
f 1359//1369 1341//1369 1051//1369 
o mesh46
f 1428//1370 1439//1370 1395//1370 
f 1395//1370 1394//1370 1428//1370 
o mesh47
f 1436//1371 1440//1371 1441//1372 
f 1437//1372 1441//1372 1442//1373 
f 1435//1373 1442//1373 1443//1374 
f 1433//1374 1443//1374 1444//1375 
f 1429//1375 1444//1375 1445//1376 
f 1430//1376 1445//1376 1446//1377 
f 1426//1377 1446//1377 1447//1378 
f 1427//1378 1447//1378 1448//1379 
f 1432//1379 1448//1379 1449//1380 
f 1424//1380 1449//1380 1450//1381 
f 1425//1381 1450//1381 1451//1382 
f 1431//1382 1451//1382 1452//1383 
f 1438//1383 1452//1383 1453//1384 
f 1423//1384 1453//1384 1454//1385 
f 1434//1385 1454//1385 1439//1386 
f 1439//1386 1428//1386 1434//1385 
f 1454//1385 1434//1385 1423//1384 
f 1453//1384 1423//1384 1438//1383 
f 1452//1383 1438//1383 1431//1382 
f 1451//1382 1431//1382 1425//1381 
f 1450//1381 1425//1381 1424//1380 
f 1449//1380 1424//1380 1432//1379 
f 1448//1379 1432//1379 1427//1378 
f 1447//1378 1427//1378 1426//1377 
f 1446//1377 1426//1377 1430//1376 
f 1445//1376 1430//1376 1429//1375 
f 1444//1375 1429//1375 1433//1374 
f 1443//1374 1433//1374 1435//1373 
f 1442//1373 1435//1373 1437//1372 
f 1441//1372 1437//1372 1436//1371 
o mesh48
f 1357//1387 1354//1387 1355//1387 
f 1355//1387 1356//1387 1357//1387 
f 1358//1387 1352//1387 1353//1387 
f 1358//1387 1349//1387 1350//1387 
f 1358//1387 1346//1387 1347//1387 
f 1353//1387 1354//1387 1358//1387 
f 1350//1387 1351//1387 1358//1387 
f 1358//1387 1345//1387 1346//1387 
f 1351//1387 1352//1387 1358//1387 
f 1347//1387 1348//1387 1358//1387 
f 1348//1387 1349//1387 1358//1387 
f 1358//1387 1344//1387 1343//1387 
f 1343//1387 1345//1387 1358//1387 
f 1357//1387 1358//1387 1354//1387 
f 1455//1387 1456//1387 1344//1387 
f 1439//1387 1446//1387 1445//1387 
f 1453//1387 1448//1387 1447//1387 
f 1453//1387 1451//1387 1450//1387 
f 1344//1387 1360//1387 1455//1387 
f 1445//1387 1444//1387 1439//1387 
f 1453//1387 1449//1387 1448//1387 
f 1453//1387 1452//1387 1451//1387 
f 1455//1387 1362//1387 1364//1387 
f 1358//1387 1360//1387 1344//1387 
f 1439//1387 1442//1387 1441//1387 
f 1444//1387 1443//1387 1439//1387 
f 1450//1387 1449//1387 1453//1387 
f 1446//1387 1439//1387 1454//1387 
f 1364//1387 1366//1387 1455//1387 
f 1360//1387 1361//1387 1455//1387 
f 1443//1387 1442//1387 1439//1387 
f 1454//1387 1453//1387 1446//1387 
f 1455//1387 1368//1387 1370//1387 
f 1361//1387 1362//1387 1455//1387 
f 1447//1387 1446//1387 1453//1387 
f 1457//1387 1422//1387 1421//1387 
f 1455//1387 1386//1387 1388//1387 
f 1366//1387 1368//1387 1455//1387 
f 1441//1387 1440//1387 1439//1387 
f 1458//1387 1457//1387 1395//1387 
f 1421//1387 1419//1387 1457//1387 
f 1388//1387 1457//1387 1455//1387 
f 1455//1387 1374//1387 1376//1387 
f 1370//1387 1372//1387 1455//1387 
f 1395//1387 1439//1387 1458//1387 
f 1457//1387 1409//1387 1407//1387 
f 1419//1387 1417//1387 1457//1387 
f 1388//1387 1392//1387 1457//1387 
f 1455//1387 1378//1387 1380//1387 
f 1372//1387 1374//1387 1455//1387 
f 1457//1387 1397//1387 1395//1387 
f 1457//1387 1401//1387 1399//1387 
f 1457//1387 1405//1387 1403//1387 
f 1457//1387 1411//1387 1409//1387 
f 1457//1387 1415//1387 1413//1387 
f 1392//1387 1422//1387 1457//1387 
f 1455//1387 1382//1387 1384//1387 
f 1376//1387 1378//1387 1455//1387 
f 1399//1387 1397//1387 1457//1387 
f 1407//1387 1405//1387 1457//1387 
f 1417//1387 1415//1387 1457//1387 
f 1380//1387 1382//1387 1455//1387 
f 1403//1387 1401//1387 1457//1387 
f 1384//1387 1386//1387 1455//1387 
f 1413//1387 1411//1387 1457//1387 
f 1440//1387 1458//1387 1439//1387 
o mesh49
f 1459//1386 1460//1386 1457//1386 
f 1457//1386 1458//1386 1459//1386 
o mesh50
f 1456//1388 1455//1388 1461//1388 
f 1461//1388 1462//1388 1456//1388 
o mesh51
f 1461//1389 1455//1389 1457//1389 
f 1457//1389 1460//1389 1461//1389 
o mesh52
f 1458//1389 1137//1389 1129//1389 
f 1129//1389 1128//1389 1459//1389 
f 1440//1389 1436//1389 1169//1389 
f 1129//1389 1459//1389 1458//1389 
f 1458//1389 1169//1389 1137//1389 
f 1463//1389 1459//1389 1128//1389 
f 1128//1389 1464//1389 1463//1389 
f 1169//1389 1458//1389 1440//1389 
o mesh53
f 1465//1389 1466//1389 1313//1389 
f 1313//1389 1213//1389 1462//1389 
f 1213//1389 1047//1389 1456//1389 
f 1456//1389 1462//1389 1213//1389 
f 1322//1389 1344//1389 1456//1389 
f 1456//1389 1047//1389 1322//1389 
f 1313//1389 1462//1389 1465//1389 
o mesh54
f 1466//1389 1465//1389 1467//1390 
f 1468//1390 1467//1390 1469//1391 
f 1470//1391 1469//1391 1471//1392 
f 1472//1392 1471//1392 1473//1393 
f 1474//1393 1473//1393 1475//1394 
f 1476//1394 1475//1394 1477//1395 
f 1478//1395 1477//1395 1479//1396 
f 1480//1396 1479//1396 1481//1397 
f 1482//1397 1481//1397 1483//1398 
f 1484//1398 1483//1398 1485//1399 
f 1486//1399 1485//1399 1487//1400 
f 1488//1400 1487//1400 1489//1401 
f 1490//1401 1489//1401 1491//1402 
f 1492//1402 1491//1402 1493//1403 
f 1494//1403 1493//1403 1495//1404 
f 1495//1404 1496//1404 1494//1403 
f 1493//1403 1494//1403 1492//1402 
f 1491//1402 1492//1402 1490//1401 
f 1489//1401 1490//1401 1488//1400 
f 1487//1400 1488//1400 1486//1399 
f 1485//1399 1486//1399 1484//1398 
f 1483//1398 1484//1398 1482//1397 
f 1481//1397 1482//1397 1480//1396 
f 1479//1396 1480//1396 1478//1395 
f 1477//1395 1478//1395 1476//1394 
f 1475//1394 1476//1394 1474//1393 
f 1473//1393 1474//1393 1472//1392 
f 1471//1392 1472//1392 1470//1391 
f 1469//1391 1470//1391 1468//1390 
f 1467//1390 1468//1390 1466//1389 
o mesh55
f 1496//1404 1495//1404 1497//1404 
f 1497//1404 1498//1404 1496//1404 
o mesh56
f 1499//1405 1500//1406 1501//1406 
f 1502//1407 1499//1405 1503//1408 
f 1504//1409 1502//1407 1505//1410 
f 1506//1411 1504//1409 1507//1412 
f 1508//1413 1506//1411 1509//1414 
f 1510//1415 1508//1413 1511//1416 
f 1512//1417 1510//1415 1513//1418 
f 1514//1419 1512//1417 1515//1420 
f 1516//1421 1514//1419 1517//1422 
f 1518//1423 1516//1421 1519//1424 
f 1520//1425 1518//1423 1521//1426 
f 1522//1427 1520//1425 1523//1428 
f 1524//1429 1522//1427 1525//1430 
f 1526//1431 1524//1429 1527//1432 
f 1497//1433 1526//1431 1528//1434 
f 1528//1434 1498//1433 1497//1433 
f 1527//1432 1528//1434 1526//1431 
f 1525//1430 1527//1432 1524//1429 
f 1523//1428 1525//1430 1522//1427 
f 1521//1426 1523//1428 1520//1425 
f 1519//1424 1521//1426 1518//1423 
f 1517//1422 1519//1424 1516//1421 
f 1515//1420 1517//1422 1514//1419 
f 1513//1418 1515//1420 1512//1417 
f 1511//1416 1513//1418 1510//1415 
f 1509//1414 1511//1416 1508//1413 
f 1507//1412 1509//1414 1506//1411 
f 1505//1410 1507//1412 1504//1409 
f 1503//1408 1505//1410 1502//1407 
f 1501//1406 1503//1408 1499//1405 
o mesh57
f 1529//1435 1530//1435 1501//1435 
f 1501//1435 1500//1435 1529//1435 
o mesh58
f 1531//1436 1532//1436 1533//1436 
f 1533//1436 1534//1436 1531//1436 
f 1535//1436 1536//1436 1532//1436 
f 1533//1436 1537//1436 1534//1436 
f 1532//1436 1538//1436 1535//1436 
f 1533//1436 1539//1436 1537//1436 
f 1532//1436 1540//1436 1538//1436 
f 978//1436 1119//1436 1117//1436 
f 1492//1436 1484//1436 1486//1436 
f 1492//1436 1478//1436 1480//1436 
f 1496//1436 1474//1436 1476//1436 
f 1014//1436 1320//1436 1319//1436 
f 1533//1436 1541//1436 1539//1436 
f 1532//1436 1542//1436 1540//1436 
f 978//1436 1123//1436 1119//1436 
f 1486//1436 1488//1436 1492//1436 
f 1480//1436 1482//1436 1492//1436 
f 1496//1436 1472//1436 1474//1436 
f 1319//1436 1318//1436 1014//1436 
f 1543//1436 1533//1436 1544//1436 
f 1533//1436 1545//1436 1541//1436 
f 1532//1436 1546//1436 1542//1436 
f 978//1436 1130//1436 1123//1436 
f 1478//1436 1492//1436 1494//1436 
f 1482//1436 1484//1436 1492//1436 
f 1496//1436 1470//1436 1472//1436 
f 1496//1436 1466//1436 1468//1436 
f 1318//1436 1317//1436 1014//1436 
f 1533//1436 1543//1436 1545//1436 
f 1532//1436 1547//1436 1546//1436 
f 1128//1436 1548//1436 1536//1436 
f 978//1436 1124//1436 1130//1436 
f 978//1436 1549//1436 1128//1436 
f 1488//1436 1490//1436 1492//1436 
f 1468//1436 1470//1436 1496//1436 
f 1317//1436 1316//1436 1014//1436 
f 1532//1436 1531//1436 1547//1436 
f 1536//1436 1464//1436 1128//1436 
f 1128//1436 1550//1436 1551//1436 
f 1128//1436 1552//1436 1553//1436 
f 978//1436 1126//1436 1124//1436 
f 978//1436 1554//1436 1549//1436 
f 1476//1436 1478//1436 1496//1436 
f 1316//1436 1315//1436 1014//1436 
f 1536//1436 1535//1436 1464//1436 
f 1551//1436 1555//1436 1128//1436 
f 1553//1436 1556//1436 1128//1436 
f 1128//1436 1126//1436 978//1436 
f 1014//1436 1501//1436 1530//1436 
f 1494//1436 1496//1436 1478//1436 
f 1313//1436 1466//1436 1498//1436 
f 1315//1436 1314//1436 1014//1436 
f 1555//1436 1548//1436 1128//1436 
f 1556//1436 1557//1436 1128//1436 
f 1117//1436 1115//1436 978//1436 
f 1014//1436 1503//1436 1501//1436 
f 1014//1436 1515//1436 1513//1436 
f 1014//1436 1528//1436 1527//1436 
f 1498//1436 1014//1436 1313//1436 
f 1014//1436 1082//1436 1320//1436 
f 1557//1436 1550//1436 1128//1436 
f 1115//1436 1087//1436 978//1436 
f 978//1436 1558//1436 1559//1436 
f 1530//1436 978//1436 1014//1436 
f 1014//1436 1511//1436 1509//1436 
f 1014//1436 1517//1436 1515//1436 
f 1527//1436 1525//1436 1014//1436 
f 1314//1436 1313//1436 1014//1436 
f 1549//1436 1552//1436 1128//1436 
f 1530//1436 1558//1436 978//1436 
f 1014//1436 1507//1436 1505//1436 
f 1513//1436 1511//1436 1014//1436 
f 1525//1436 1523//1436 1014//1436 
f 1496//1436 1498//1436 1466//1436 
f 1559//1436 1554//1436 978//1436 
f 1509//1436 1507//1436 1014//1436 
f 1014//1436 1521//1436 1519//1436 
f 1498//1436 1528//1436 1014//1436 
f 1505//1436 1503//1436 1014//1436 
f 1523//1436 1521//1436 1014//1436 
f 1519//1436 1517//1436 1014//1436 
f 1544//1436 1560//1436 1543//1436 
o mesh59
f 1561//1437 1562//1437 1563//1437 
f 1563//1437 1564//1437 1561//1437 
f 1565//1437 1566//1437 1567//1437 
f 1565//1437 1568//1437 1569//1437 
f 1565//1437 1570//1437 1571//1437 
f 1567//1437 1562//1437 1565//1437 
f 1569//1437 1572//1437 1565//1437 
f 1565//1437 1573//1437 1570//1437 
f 1572//1437 1566//1437 1565//1437 
f 1571//1437 1574//1437 1565//1437 
f 1574//1437 1568//1437 1565//1437 
f 1565//1437 1463//1437 1575//1437 
f 1575//1437 1573//1437 1565//1437 
f 1495//1437 1477//1437 1475//1437 
f 1491//1437 1481//1437 1479//1437 
f 1491//1437 1487//1437 1485//1437 
f 1561//1437 1565//1437 1562//1437 
f 1460//1437 1459//1437 1463//1437 
f 1475//1437 1473//1437 1495//1437 
f 1491//1437 1483//1437 1481//1437 
f 1491//1437 1489//1437 1487//1437 
f 1463//1437 1576//1437 1460//1437 
f 1495//1437 1469//1437 1467//1437 
f 1473//1437 1471//1437 1495//1437 
f 1485//1437 1483//1437 1491//1437 
f 1477//1437 1495//1437 1493//1437 
f 1565//1437 1576//1437 1463//1437 
f 1471//1437 1469//1437 1495//1437 
f 1493//1437 1491//1437 1477//1437 
f 1460//1437 1577//1437 1578//1437 
f 1460//1437 1579//1437 1580//1437 
f 1576//1437 1581//1437 1460//1437 
f 1479//1437 1477//1437 1491//1437 
f 1460//1437 1582//1437 1529//1437 
f 1460//1437 1583//1437 1584//1437 
f 1578//1437 1585//1437 1460//1437 
f 1581//1437 1579//1437 1460//1437 
f 1467//1437 1465//1437 1495//1437 
f 1462//1437 1461//1437 1497//1437 
f 1461//1437 1522//1437 1524//1437 
f 1461//1437 1508//1437 1510//1437 
f 1529//1437 1461//1437 1460//1437 
f 1460//1437 1586//1437 1583//1437 
f 1580//1437 1577//1437 1460//1437 
f 1497//1437 1495//1437 1462//1437 
f 1461//1437 1520//1437 1522//1437 
f 1510//1437 1512//1437 1461//1437 
f 1461//1437 1504//1437 1506//1437 
f 1461//1437 1499//1437 1502//1437 
f 1529//1437 1500//1437 1461//1437 
f 1460//1437 1587//1437 1588//1437 
f 1585//1437 1586//1437 1460//1437 
f 1461//1437 1526//1437 1497//1437 
f 1461//1437 1518//1437 1520//1437 
f 1506//1437 1508//1437 1461//1437 
f 1500//1437 1499//1437 1461//1437 
f 1460//1437 1589//1437 1590//1437 
f 1584//1437 1587//1437 1460//1437 
f 1524//1437 1526//1437 1461//1437 
f 1461//1437 1514//1437 1516//1437 
f 1502//1437 1504//1437 1461//1437 
f 1588//1437 1589//1437 1460//1437 
f 1516//1437 1518//1437 1461//1437 
f 1590//1437 1582//1437 1460//1437 
f 1512//1437 1514//1437 1461//1437 
f 1465//1437 1462//1437 1495//1437 
o mesh60
f 1533//1438 1576//1438 1565//1438 
f 1565//1438 1544//1438 1533//1438 
o mesh61
f 1463//1439 1464//1439 1535//1440 
f 1575//1440 1535//1440 1538//1441 
f 1573//1441 1538//1441 1540//1442 
f 1570//1442 1540//1442 1542//1443 
f 1571//1443 1542//1443 1546//1444 
f 1574//1444 1546//1444 1547//1445 
f 1568//1445 1547//1445 1531//1446 
f 1569//1446 1531//1446 1534//1447 
f 1572//1447 1534//1447 1537//1448 
f 1566//1448 1537//1448 1539//1449 
f 1567//1449 1539//1449 1541//1450 
f 1562//1450 1541//1450 1545//1451 
f 1563//1451 1545//1451 1543//1452 
f 1564//1452 1543//1452 1560//1453 
f 1561//1453 1560//1453 1544//1454 
f 1544//1454 1565//1454 1561//1453 
f 1560//1453 1561//1453 1564//1452 
f 1543//1452 1564//1452 1563//1451 
f 1545//1451 1563//1451 1562//1450 
f 1541//1450 1562//1450 1567//1449 
f 1539//1449 1567//1449 1566//1448 
f 1537//1448 1566//1448 1572//1447 
f 1534//1447 1572//1447 1569//1446 
f 1531//1446 1569//1446 1568//1445 
f 1547//1445 1568//1445 1574//1444 
f 1546//1444 1574//1444 1571//1443 
f 1542//1443 1571//1443 1570//1442 
f 1540//1442 1570//1442 1573//1441 
f 1538//1441 1573//1441 1575//1440 
f 1535//1440 1575//1440 1463//1439 
o mesh62
f 1558//1455 1530//1456 1529//1456 
f 1559//1457 1558//1455 1582//1458 
f 1554//1459 1559//1457 1590//1460 
f 1549//1461 1554//1459 1589//1462 
f 1552//1463 1549//1461 1588//1464 
f 1553//1465 1552//1463 1587//1466 
f 1556//1467 1553//1465 1584//1468 
f 1557//1469 1556//1467 1583//1470 
f 1550//1471 1557//1469 1586//1472 
f 1551//1473 1550//1471 1585//1474 
f 1555//1475 1551//1473 1578//1476 
f 1548//1477 1555//1475 1577//1478 
f 1536//1479 1548//1477 1580//1480 
f 1532//1481 1536//1479 1579//1482 
f 1533//1483 1532//1481 1581//1484 
f 1581//1484 1576//1483 1533//1483 
f 1579//1482 1581//1484 1532//1481 
f 1580//1480 1579//1482 1536//1479 
f 1577//1478 1580//1480 1548//1477 
f 1578//1476 1577//1478 1555//1475 
f 1585//1474 1578//1476 1551//1473 
f 1586//1472 1585//1474 1550//1471 
f 1583//1470 1586//1472 1557//1469 
f 1584//1468 1583//1470 1556//1467 
f 1587//1466 1584//1468 1553//1465 
f 1588//1464 1587//1466 1552//1463 
f 1589//1462 1588//1464 1549//1461 
f 1590//1460 1589//1462 1554//1459 
f 1582//1458 1590//1460 1559//1457 
f 1529//1456 1582//1458 1558//1455 
g Part 1
v -0.0370202 0.0347055 0 
v -0.0370325 0.0349325 0 
v -0.0370325 0.0349325 0.00213 
v -0.0369834 0.0344811 0 
v -0.0370202 0.0347055 0.00213 
v -0.0369226 0.034262 0 
v -0.0369834 0.0344811 0.00213 
v -0.0368384 0.0340507 0 
v -0.0369226 0.034262 0.00213 
v -0.0367319 0.0338498 0 
v -0.0368384 0.0340507 0.00213 
v -0.0366043 0.0336616 0 
v -0.0367319 0.0338498 0.00213 
v -0.0364571 0.0334883 0 
v -0.0366043 0.0336616 0.00213 
v -0.036292 0.033332 0 
v -0.0364571 0.0334883 0.00213 
v -0.036111 0.0331944 0 
v -0.036292 0.033332 0.00213 
v -0.0359162 0.0330771 0 
v -0.036111 0.0331944 0.00213 
v -0.0357098 0.0329816 0 
v -0.0359162 0.0330771 0.00213 
v -0.0354943 0.032909 0 
v -0.0357098 0.0329816 0.00213 
v -0.0352722 0.0328602 0 
v -0.0354943 0.032909 0.00213 
v -0.0350462 0.0328356 0 
v -0.0352722 0.0328602 0.00213 
v -0.0348188 0.0328356 0 
v -0.0350462 0.0328356 0.00213 
v -0.0345928 0.0328602 0 
v -0.0348188 0.0328356 0.00213 
v -0.0343707 0.032909 0 
v -0.0345928 0.0328602 0.00213 
v -0.0341552 0.0329816 0 
v -0.0343707 0.032909 0.00213 
v -0.0339488 0.0330771 0 
v -0.0341552 0.0329816 0.00213 
v -0.033754 0.0331944 0 
v -0.0339488 0.0330771 0.00213 
v -0.033573 0.033332 0 
v -0.033754 0.0331944 0.00213 
v -0.0334079 0.0334883 0 
v -0.033573 0.033332 0.00213 
v -0.0332607 0.0336616 0 
v -0.0334079 0.0334883 0.00213 
v -0.0331331 0.0338498 0 
v -0.0332607 0.0336616 0.00213 
v -0.0330266 0.0340507 0 
v -0.0331331 0.0338498 0.00213 
v -0.0329424 0.034262 0 
v -0.0330266 0.0340507 0.00213 
v -0.0328816 0.0344811 0 
v -0.0329424 0.034262 0.00213 
v -0.0328448 0.0347055 0 
v -0.0328816 0.0344811 0.00213 
v -0.0328325 0.0349325 0 
v -0.0328448 0.0347055 0.00213 
v -0.0328448 0.0351595 0 
v -0.0328325 0.0349325 0.00213 
v -0.0328816 0.0353839 0 
v -0.0328448 0.0351595 0.00213 
v -0.0329424 0.035603 0 
v -0.0328816 0.0353839 0.00213 
v -0.0330266 0.0358143 0 
v -0.0329424 0.035603 0.00213 
v -0.0331331 0.0360152 0 
v -0.0330266 0.0358143 0.00213 
v -0.0332607 0.0362034 0 
v -0.0331331 0.0360152 0.00213 
v -0.0334079 0.0363767 0 
v -0.0332607 0.0362034 0.00213 
v -0.033573 0.036533 0 
v -0.0334079 0.0363767 0.00213 
v -0.033754 0.0366706 0 
v -0.033573 0.036533 0.00213 
v -0.0339488 0.0367879 0 
v -0.033754 0.0366706 0.00213 
v -0.0341552 0.0368834 0 
v -0.0339488 0.0367879 0.00213 
v -0.0343707 0.036956 0 
v -0.0341552 0.0368834 0.00213 
v -0.0345928 0.0370048 0 
v -0.0343707 0.036956 0.00213 
v -0.0348188 0.0370294 0 
v -0.0345928 0.0370048 0.00213 
v -0.0350462 0.0370294 0 
v -0.0348188 0.0370294 0.00213 
v -0.0352722 0.0370048 0 
v -0.0350462 0.0370294 0.00213 
v -0.0354943 0.036956 0 
v -0.0352722 0.0370048 0.00213 
v -0.0357098 0.0368834 0 
v -0.0354943 0.036956 0.00213 
v -0.0359162 0.0367879 0 
v -0.0357098 0.0368834 0.00213 
v -0.036111 0.0366706 0 
v -0.0359162 0.0367879 0.00213 
v -0.036292 0.036533 0 
v -0.036111 0.0366706 0.00213 
v -0.0364571 0.0363767 0 
v -0.036292 0.036533 0.00213 
v -0.0366043 0.0362034 0 
v -0.0364571 0.0363767 0.00213 
v -0.0367319 0.0360152 0 
v -0.0366043 0.0362034 0.00213 
v -0.0368384 0.0358143 0 
v -0.0367319 0.0360152 0.00213 
v -0.0369226 0.035603 0 
v -0.0368384 0.0358143 0.00213 
v -0.0369834 0.0353839 0 
v -0.0369226 0.035603 0.00213 
v -0.0370202 0.0351595 0 
v -0.0369834 0.0353839 0.00213 
v -0.0370202 0.0351595 0.00213 
v -0.0347426 0.0384349 0.00213 
v -0.0351224 0.0384349 0.00213 
v -0.0321402 0.0370551 0.00213 
v -0.0323861 0.0373446 0.00213 
v -0.0326618 0.0376058 0.00213 
v -0.0329641 0.0378356 0.00213 
v -0.0339941 0.0383122 0.00213 
v -0.034365 0.0383938 0.00213 
v -0.0355 0.0383938 0.00213 
v -0.0351224 0.0314301 0.00213 
v -0.0347426 0.0314301 0.00213 
v -0.0332896 0.0380314 0.00213 
v -0.0336342 0.0381909 0.00213 
v -0.0358709 0.0383122 0.00213 
v -0.0362308 0.0381909 0.00213 
v -0.0372032 0.0376058 0.00213 
v -0.0374789 0.0373446 0.00213 
v -0.0377248 0.0370551 0.00213 
v -0.0379379 0.0367408 0.00213 
v -0.03844 0.0349325 0.00213 
v -0.0384194 0.0345533 0.00213 
v -0.0358709 0.0315528 0.00213 
v -0.0355 0.0314712 0.00213 
v -0.034365 0.0314712 0.00213 
v -0.0317492 0.0364053 0.00213 
v -0.0319271 0.0367408 0.00213 
v -0.0365754 0.0380314 0.00213 
v -0.0369009 0.0378356 0.00213 
v -0.0381158 0.0364053 0.00213 
v -0.0382564 0.0360525 0.00213 
v -0.0384194 0.0353117 0.00213 
v -0.0339941 0.0315528 0.00213 
v -0.0336342 0.0316741 0.00213 
v -0.0332896 0.0318336 0.00213 
v -0.0329641 0.0320294 0.00213 
v -0.031425 0.0349325 0.00213 
v -0.0314456 0.0353117 0.00213 
v -0.031507 0.0356865 0.00213 
v -0.0316086 0.0360525 0.00213 
v -0.038358 0.0356865 0.00213 
v -0.038358 0.0341785 0.00213 
v -0.0381158 0.0334597 0.00213 
v -0.0379379 0.0331242 0.00213 
v -0.0326618 0.0322592 0.00213 
v -0.0323861 0.0325204 0.00213 
v -0.0321402 0.0328099 0.00213 
v -0.0317492 0.0334597 0.00213 
v -0.0316086 0.0338125 0.00213 
v -0.0382564 0.0338125 0.00213 
v -0.0319271 0.0331242 0.00213 
v -0.031507 0.0341785 0.00213 
v -0.0314456 0.0345533 0.00213 
v -0.0377248 0.0328099 0.00213 
v -0.0374789 0.0325204 0.00213 
v -0.0372032 0.0322592 0.00213 
v -0.0369009 0.0320294 0.00213 
v -0.0365754 0.0318336 0.00213 
v -0.0362308 0.0316741 0.00213 
v -0.03844 0.0349325 0 
v -0.0384194 0.0353117 0 
v -0.038358 0.0356865 0 
v -0.0382564 0.0360525 0 
v -0.0381158 0.0364053 0 
v -0.0379379 0.0367408 0 
v -0.0377248 0.0370551 0 
v -0.0374789 0.0373446 0 
v -0.0372032 0.0376058 0 
v -0.0369009 0.0378356 0 
v -0.0365754 0.0380314 0 
v -0.0362308 0.0381909 0 
v -0.0358709 0.0383122 0 
v -0.0355 0.0383938 0 
v -0.0351224 0.0384349 0 
v -0.0347426 0.0384349 0 
v -0.034365 0.0383938 0 
v -0.0339941 0.0383122 0 
v -0.0336342 0.0381909 0 
v -0.0332896 0.0380314 0 
v -0.0329641 0.0378356 0 
v -0.0326618 0.0376058 0 
v -0.0323861 0.0373446 0 
v -0.0321402 0.0370551 0 
v -0.0319271 0.0367408 0 
v -0.0317492 0.0364053 0 
v -0.0316086 0.0360525 0 
v -0.031507 0.0356865 0 
v -0.0314456 0.0353117 0 
v -0.031425 0.0349325 0 
v -0.0314456 0.0345533 0 
v -0.031507 0.0341785 0 
v -0.0316086 0.0338125 0 
v -0.0317492 0.0334597 0 
v -0.0319271 0.0331242 0 
v -0.0321402 0.0328099 0 
v -0.0323861 0.0325204 0 
v -0.0326618 0.0322592 0 
v -0.0329641 0.0320294 0 
v -0.0332896 0.0318336 0 
v -0.0336342 0.0316741 0 
v -0.0339941 0.0315528 0 
v -0.034365 0.0314712 0 
v -0.0347426 0.0314301 0 
v -0.0351224 0.0314301 0 
v -0.0355 0.0314712 0 
v -0.0358709 0.0315528 0 
v -0.0362308 0.0316741 0 
v -0.0365754 0.0318336 0 
v -0.0369009 0.0320294 0 
v -0.0372032 0.0322592 0 
v -0.0374789 0.0325204 0 
v -0.0377248 0.0328099 0 
v -0.0379379 0.0331242 0 
v -0.0381158 0.0334597 0 
v -0.0382564 0.0338125 0 
v -0.038358 0.0341785 0 
v -0.0384194 0.0345533 0 
vn 0.994138 0.108119 0 
vn 1 2.44929e-16 0 
vn 0.976621 0.21497 0 
vn 0.994138 0.108119 0 
vn 0.947653 0.319302 0 
vn 0.976621 0.21497 0 
vn 0.907575 0.419889 0 
vn 0.947653 0.319302 0 
vn 0.856857 0.515554 0 
vn 0.907575 0.419889 0 
vn 0.796093 0.605174 0 
vn 0.856857 0.515554 0 
vn 0.725995 0.687699 0 
vn 0.796093 0.605174 0 
vn 0.647386 0.762162 0 
vn 0.725995 0.687699 0 
vn 0.561187 0.827689 0 
vn 0.647386 0.762162 0 
vn 0.468408 0.883512 0 
vn 0.561187 0.827689 0 
vn 0.370138 0.928977 0 
vn 0.468408 0.883512 0 
vn 0.267528 0.96355 0 
vn 0.370138 0.928977 0 
vn 0.161782 0.986827 0 
vn 0.267528 0.96355 0 
vn 0.0541389 0.998533 0 
vn 0.161782 0.986827 0 
vn -0.0541389 0.998533 0 
vn 0.0541389 0.998533 0 
vn -0.161782 0.986827 0 
vn -0.0541389 0.998533 0 
vn -0.267528 0.96355 0 
vn -0.161782 0.986827 0 
vn -0.370138 0.928977 0 
vn -0.267528 0.96355 0 
vn -0.468408 0.883512 0 
vn -0.370138 0.928977 0 
vn -0.561187 0.827689 0 
vn -0.468408 0.883512 0 
vn -0.647386 0.762162 0 
vn -0.561187 0.827689 0 
vn -0.725995 0.687699 0 
vn -0.647386 0.762162 0 
vn -0.796093 0.605174 0 
vn -0.725995 0.687699 0 
vn -0.856857 0.515554 0 
vn -0.796093 0.605174 0 
vn -0.907575 0.419889 0 
vn -0.856857 0.515554 0 
vn -0.947653 0.319302 0 
vn -0.907575 0.419889 0 
vn -0.976621 0.21497 0 
vn -0.947653 0.319302 0 
vn -0.994138 0.108119 0 
vn -0.976621 0.21497 0 
vn -1 -1.22465e-16 0 
vn -0.994138 0.108119 0 
vn -0.994138 -0.108119 0 
vn -1 -1.22465e-16 0 
vn -0.976621 -0.21497 0 
vn -0.994138 -0.108119 0 
vn -0.947653 -0.319302 0 
vn -0.976621 -0.21497 0 
vn -0.907575 -0.419889 0 
vn -0.947653 -0.319302 0 
vn -0.856857 -0.515554 0 
vn -0.907575 -0.419889 0 
vn -0.796093 -0.605174 0 
vn -0.856857 -0.515554 0 
vn -0.725995 -0.687699 0 
vn -0.796093 -0.605174 0 
vn -0.647386 -0.762162 0 
vn -0.725995 -0.687699 0 
vn -0.561187 -0.827689 0 
vn -0.647386 -0.762162 0 
vn -0.468408 -0.883512 0 
vn -0.561187 -0.827689 0 
vn -0.370138 -0.928977 0 
vn -0.468408 -0.883512 0 
vn -0.267528 -0.96355 0 
vn -0.370138 -0.928977 0 
vn -0.161782 -0.986827 0 
vn -0.267528 -0.96355 0 
vn -0.0541389 -0.998533 0 
vn -0.161782 -0.986827 0 
vn 0.0541389 -0.998533 0 
vn -0.0541389 -0.998533 0 
vn 0.161782 -0.986827 0 
vn 0.0541389 -0.998533 0 
vn 0.267528 -0.96355 0 
vn 0.161782 -0.986827 0 
vn 0.370138 -0.928977 0 
vn 0.267528 -0.96355 0 
vn 0.468408 -0.883512 0 
vn 0.370138 -0.928977 0 
vn 0.561187 -0.827689 0 
vn 0.468408 -0.883512 0 
vn 0.647386 -0.762162 0 
vn 0.561187 -0.827689 0 
vn 0.725995 -0.687699 0 
vn 0.647386 -0.762162 0 
vn 0.796093 -0.605174 0 
vn 0.725995 -0.687699 0 
vn 0.856857 -0.515554 0 
vn 0.796093 -0.605174 0 
vn 0.907575 -0.419889 0 
vn 0.856857 -0.515554 0 
vn 0.947653 -0.319302 0 
vn 0.907575 -0.419889 0 
vn 0.976621 -0.21497 0 
vn 0.947653 -0.319302 0 
vn 0.994138 -0.108119 0 
vn 0.976621 -0.21497 0 
vn 0 0 1 
vn -1 0 0 
vn -0.994138 0.108119 0 
vn -0.976621 0.21497 0 
vn -0.947653 0.319302 0 
vn -0.907575 0.419889 0 
vn -0.856857 0.515554 0 
vn -0.796093 0.605174 0 
vn -0.725995 0.687699 0 
vn -0.647386 0.762162 0 
vn -0.561187 0.827689 0 
vn -0.468408 0.883512 0 
vn -0.370138 0.928977 0 
vn -0.267528 0.96355 0 
vn -0.161782 0.986827 0 
vn -0.0541389 0.998533 0 
vn 0.0541389 0.998533 0 
vn 0.161782 0.986827 0 
vn 0.267528 0.96355 0 
vn 0.370138 0.928977 0 
vn 0.468408 0.883512 0 
vn 0.561187 0.827689 0 
vn 0.647386 0.762162 0 
vn 0.725995 0.687699 0 
vn 0.796093 0.605174 0 
vn 0.856857 0.515554 0 
vn 0.907575 0.419889 0 
vn 0.947653 0.319302 0 
vn 0.976621 0.21497 0 
vn 0.994138 0.108119 0 
vn 1 1.22465e-16 0 
vn 0.994138 -0.108119 0 
vn 0.976621 -0.21497 0 
vn 0.947653 -0.319302 0 
vn 0.907575 -0.419889 0 
vn 0.856857 -0.515554 0 
vn 0.796093 -0.605174 0 
vn 0.725995 -0.687699 0 
vn 0.647386 -0.762162 0 
vn 0.561187 -0.827689 0 
vn 0.468408 -0.883512 0 
vn 0.370138 -0.928977 0 
vn 0.267528 -0.96355 0 
vn 0.161782 -0.986827 0 
vn 0.0541389 -0.998533 0 
vn -0.0541389 -0.998533 0 
vn -0.161782 -0.986827 0 
vn -0.267528 -0.96355 0 
vn -0.370138 -0.928977 0 
vn -0.468408 -0.883512 0 
vn -0.561187 -0.827689 0 
vn -0.647386 -0.762162 0 
vn -0.725995 -0.687699 0 
vn -0.796093 -0.605174 0 
vn -0.856857 -0.515554 0 
vn -0.907575 -0.419889 0 
vn -0.947653 -0.319302 0 
vn -0.976621 -0.21497 0 
vn -0.994138 -0.108119 0 
vn 0 0 -1 
usemtl 0.615686_0.811765_0.929412_0.000000_0.000000
o mesh63
f 1591//1485 1592//1486 1593//1486 
f 1594//1487 1591//1485 1595//1488 
f 1596//1489 1594//1487 1597//1490 
f 1598//1491 1596//1489 1599//1492 
f 1600//1493 1598//1491 1601//1494 
f 1602//1495 1600//1493 1603//1496 
f 1604//1497 1602//1495 1605//1498 
f 1606//1499 1604//1497 1607//1500 
f 1608//1501 1606//1499 1609//1502 
f 1610//1503 1608//1501 1611//1504 
f 1612//1505 1610//1503 1613//1506 
f 1614//1507 1612//1505 1615//1508 
f 1616//1509 1614//1507 1617//1510 
f 1618//1511 1616//1509 1619//1512 
f 1620//1513 1618//1511 1621//1514 
f 1622//1515 1620//1513 1623//1516 
f 1624//1517 1622//1515 1625//1518 
f 1626//1519 1624//1517 1627//1520 
f 1628//1521 1626//1519 1629//1522 
f 1630//1523 1628//1521 1631//1524 
f 1632//1525 1630//1523 1633//1526 
f 1634//1527 1632//1525 1635//1528 
f 1636//1529 1634//1527 1637//1530 
f 1638//1531 1636//1529 1639//1532 
f 1640//1533 1638//1531 1641//1534 
f 1642//1535 1640//1533 1643//1536 
f 1644//1537 1642//1535 1645//1538 
f 1646//1539 1644//1537 1647//1540 
f 1648//1541 1646//1539 1649//1542 
f 1650//1543 1648//1541 1651//1544 
f 1652//1545 1650//1543 1653//1546 
f 1654//1547 1652//1545 1655//1548 
f 1656//1549 1654//1547 1657//1550 
f 1658//1551 1656//1549 1659//1552 
f 1660//1553 1658//1551 1661//1554 
f 1662//1555 1660//1553 1663//1556 
f 1664//1557 1662//1555 1665//1558 
f 1666//1559 1664//1557 1667//1560 
f 1668//1561 1666//1559 1669//1562 
f 1670//1563 1668//1561 1671//1564 
f 1672//1565 1670//1563 1673//1566 
f 1674//1567 1672//1565 1675//1568 
f 1676//1569 1674//1567 1677//1570 
f 1678//1571 1676//1569 1679//1572 
f 1680//1573 1678//1571 1681//1574 
f 1682//1575 1680//1573 1683//1576 
f 1684//1577 1682//1575 1685//1578 
f 1686//1579 1684//1577 1687//1580 
f 1688//1581 1686//1579 1689//1582 
f 1690//1583 1688//1581 1691//1584 
f 1692//1585 1690//1583 1693//1586 
f 1694//1587 1692//1585 1695//1588 
f 1696//1589 1694//1587 1697//1590 
f 1698//1591 1696//1589 1699//1592 
f 1700//1593 1698//1591 1701//1594 
f 1702//1595 1700//1593 1703//1596 
f 1704//1597 1702//1595 1705//1598 
f 1592//1486 1704//1597 1706//1597 
f 1706//1597 1593//1486 1592//1486 
f 1705//1598 1706//1597 1704//1597 
f 1703//1596 1705//1598 1702//1595 
f 1701//1594 1703//1596 1700//1593 
f 1699//1592 1701//1594 1698//1591 
f 1697//1590 1699//1592 1696//1589 
f 1695//1588 1697//1590 1694//1587 
f 1693//1586 1695//1588 1692//1585 
f 1691//1584 1693//1586 1690//1583 
f 1689//1582 1691//1584 1688//1581 
f 1687//1580 1689//1582 1686//1579 
f 1685//1578 1687//1580 1684//1577 
f 1683//1576 1685//1578 1682//1575 
f 1681//1574 1683//1576 1680//1573 
f 1679//1572 1681//1574 1678//1571 
f 1677//1570 1679//1572 1676//1569 
f 1675//1568 1677//1570 1674//1567 
f 1673//1566 1675//1568 1672//1565 
f 1671//1564 1673//1566 1670//1563 
f 1669//1562 1671//1564 1668//1561 
f 1667//1560 1669//1562 1666//1559 
f 1665//1558 1667//1560 1664//1557 
f 1663//1556 1665//1558 1662//1555 
f 1661//1554 1663//1556 1660//1553 
f 1659//1552 1661//1554 1658//1551 
f 1657//1550 1659//1552 1656//1549 
f 1655//1548 1657//1550 1654//1547 
f 1653//1546 1655//1548 1652//1545 
f 1651//1544 1653//1546 1650//1543 
f 1649//1542 1651//1544 1648//1541 
f 1647//1540 1649//1542 1646//1539 
f 1645//1538 1647//1540 1644//1537 
f 1643//1536 1645//1538 1642//1535 
f 1641//1534 1643//1536 1640//1533 
f 1639//1532 1641//1534 1638//1531 
f 1637//1530 1639//1532 1636//1529 
f 1635//1528 1637//1530 1634//1527 
f 1633//1526 1635//1528 1632//1525 
f 1631//1524 1633//1526 1630//1523 
f 1629//1522 1631//1524 1628//1521 
f 1627//1520 1629//1522 1626//1519 
f 1625//1518 1627//1520 1624//1517 
f 1623//1516 1625//1518 1622//1515 
f 1621//1514 1623//1516 1620//1513 
f 1619//1512 1621//1514 1618//1511 
f 1617//1510 1619//1512 1616//1509 
f 1615//1508 1617//1510 1614//1507 
f 1613//1506 1615//1508 1612//1505 
f 1611//1504 1613//1506 1610//1503 
f 1609//1502 1611//1504 1608//1501 
f 1607//1500 1609//1502 1606//1499 
f 1605//1498 1607//1500 1604//1497 
f 1603//1496 1605//1498 1602//1495 
f 1601//1494 1603//1496 1600//1493 
f 1599//1492 1601//1494 1598//1491 
f 1597//1490 1599//1492 1596//1489 
f 1595//1488 1597//1490 1594//1487 
f 1593//1486 1595//1488 1591//1485 
o mesh64
f 1707//1599 1679//1599 1677//1599 
f 1707//1599 1708//1599 1681//1599 
f 1709//1599 1663//1599 1661//1599 
f 1709//1599 1710//1599 1665//1599 
f 1710//1599 1711//1599 1667//1599 
f 1711//1599 1712//1599 1669//1599 
f 1713//1599 1675//1599 1673//1599 
f 1713//1599 1714//1599 1677//1599 
f 1681//1599 1679//1599 1707//1599 
f 1708//1599 1715//1599 1683//1599 
f 1716//1599 1621//1599 1619//1599 
f 1716//1599 1717//1599 1623//1599 
f 1665//1599 1663//1599 1709//1599 
f 1669//1599 1667//1599 1711//1599 
f 1718//1599 1671//1599 1669//1599 
f 1718//1599 1719//1599 1673//1599 
f 1677//1599 1675//1599 1713//1599 
f 1683//1599 1681//1599 1708//1599 
f 1720//1599 1685//1599 1683//1599 
f 1720//1599 1721//1599 1687//1599 
f 1722//1599 1693//1599 1691//1599 
f 1723//1599 1695//1599 1693//1599 
f 1724//1599 1697//1599 1695//1599 
f 1724//1599 1725//1599 1699//1599 
f 1726//1599 1593//1599 1706//1599 
f 1726//1599 1727//1599 1595//1599 
f 1728//1599 1617//1599 1615//1599 
f 1728//1599 1729//1599 1619//1599 
f 1623//1599 1621//1599 1716//1599 
f 1717//1599 1730//1599 1625//1599 
f 1731//1599 1659//1599 1657//1599 
f 1731//1599 1732//1599 1661//1599 
f 1667//1599 1665//1599 1710//1599 
f 1673//1599 1671//1599 1718//1599 
f 1677//1599 1714//1599 1707//1599 
f 1687//1599 1685//1599 1720//1599 
f 1733//1599 1689//1599 1687//1599 
f 1733//1599 1734//1599 1691//1599 
f 1693//1599 1722//1599 1723//1599 
f 1699//1599 1697//1599 1724//1599 
f 1735//1599 1701//1599 1699//1599 
f 1735//1599 1736//1599 1703//1599 
f 1737//1599 1706//1599 1705//1599 
f 1595//1599 1593//1599 1726//1599 
f 1619//1599 1617//1599 1728//1599 
f 1625//1599 1623//1599 1717//1599 
f 1738//1599 1627//1599 1625//1599 
f 1738//1599 1739//1599 1629//1599 
f 1740//1599 1631//1599 1629//1599 
f 1740//1599 1741//1599 1633//1599 
f 1742//1599 1743//1599 1653//1599 
f 1743//1599 1744//1599 1655//1599 
f 1745//1599 1657//1599 1655//1599 
f 1661//1599 1659//1599 1731//1599 
f 1669//1599 1712//1599 1718//1599 
f 1683//1599 1715//1599 1720//1599 
f 1691//1599 1689//1599 1733//1599 
f 1695//1599 1723//1599 1724//1599 
f 1703//1599 1701//1599 1735//1599 
f 1736//1599 1746//1599 1705//1599 
f 1706//1599 1737//1599 1726//1599 
f 1727//1599 1747//1599 1597//1599 
f 1748//1599 1601//1599 1599//1599 
f 1748//1599 1749//1599 1603//1599 
f 1619//1599 1729//1599 1716//1599 
f 1629//1599 1627//1599 1738//1599 
f 1633//1599 1631//1599 1740//1599 
f 1750//1599 1635//1599 1633//1599 
f 1751//1599 1637//1599 1635//1599 
f 1751//1599 1752//1599 1639//1599 
f 1753//1599 1643//1599 1641//1599 
f 1753//1599 1754//1599 1645//1599 
f 1655//1599 1653//1599 1743//1599 
f 1657//1599 1745//1599 1731//1599 
f 1673//1599 1719//1599 1713//1599 
f 1691//1599 1734//1599 1722//1599 
f 1705//1599 1703//1599 1736//1599 
f 1597//1599 1595//1599 1727//1599 
f 1755//1599 1599//1599 1597//1599 
f 1603//1599 1601//1599 1748//1599 
f 1625//1599 1730//1599 1738//1599 
f 1633//1599 1741//1599 1750//1599 
f 1639//1599 1637//1599 1751//1599 
f 1752//1599 1756//1599 1641//1599 
f 1645//1599 1643//1599 1753//1599 
f 1754//1599 1757//1599 1647//1599 
f 1758//1599 1649//1599 1647//1599 
f 1742//1599 1651//1599 1649//1599 
f 1655//1599 1744//1599 1745//1599 
f 1687//1599 1721//1599 1733//1599 
f 1705//1599 1746//1599 1737//1599 
f 1599//1599 1755//1599 1748//1599 
f 1759//1599 1605//1599 1603//1599 
f 1759//1599 1760//1599 1607//1599 
f 1760//1599 1761//1599 1609//1599 
f 1761//1599 1762//1599 1611//1599 
f 1629//1599 1739//1599 1740//1599 
f 1641//1599 1639//1599 1752//1599 
f 1647//1599 1645//1599 1754//1599 
f 1649//1599 1758//1599 1742//1599 
f 1661//1599 1732//1599 1709//1599 
f 1597//1599 1747//1599 1755//1599 
f 1607//1599 1605//1599 1759//1599 
f 1611//1599 1609//1599 1761//1599 
f 1763//1599 1613//1599 1611//1599 
f 1763//1599 1764//1599 1615//1599 
f 1635//1599 1750//1599 1751//1599 
f 1647//1599 1757//1599 1758//1599 
f 1699//1599 1725//1599 1735//1599 
f 1609//1599 1607//1599 1760//1599 
f 1615//1599 1613//1599 1763//1599 
f 1641//1599 1756//1599 1753//1599 
f 1603//1599 1749//1599 1759//1599 
f 1615//1599 1764//1599 1728//1599 
f 1611//1599 1762//1599 1763//1599 
f 1653//1599 1651//1599 1742//1599 
o mesh65
f 1765//1600 1726//1600 1737//1601 
f 1766//1601 1737//1601 1746//1602 
f 1767//1602 1746//1602 1736//1603 
f 1768//1603 1736//1603 1735//1604 
f 1769//1604 1735//1604 1725//1605 
f 1770//1605 1725//1605 1724//1606 
f 1771//1606 1724//1606 1723//1607 
f 1772//1607 1723//1607 1722//1608 
f 1773//1608 1722//1608 1734//1609 
f 1774//1609 1734//1609 1733//1610 
f 1775//1610 1733//1610 1721//1611 
f 1776//1611 1721//1611 1720//1612 
f 1777//1612 1720//1612 1715//1613 
f 1778//1613 1715//1613 1708//1614 
f 1779//1614 1708//1614 1707//1615 
f 1780//1615 1707//1615 1714//1616 
f 1781//1616 1714//1616 1713//1617 
f 1782//1617 1713//1617 1719//1618 
f 1783//1618 1719//1618 1718//1619 
f 1784//1619 1718//1619 1712//1620 
f 1785//1620 1712//1620 1711//1621 
f 1786//1621 1711//1621 1710//1622 
f 1787//1622 1710//1622 1709//1623 
f 1788//1623 1709//1623 1732//1624 
f 1789//1624 1732//1624 1731//1625 
f 1790//1625 1731//1625 1745//1626 
f 1791//1626 1745//1626 1744//1627 
f 1792//1627 1744//1627 1743//1628 
f 1793//1628 1743//1628 1742//1629 
f 1794//1629 1742//1629 1758//1630 
f 1795//1630 1758//1630 1757//1631 
f 1796//1631 1757//1631 1754//1632 
f 1797//1632 1754//1632 1753//1633 
f 1798//1633 1753//1633 1756//1634 
f 1799//1634 1756//1634 1752//1635 
f 1800//1635 1752//1635 1751//1636 
f 1801//1636 1751//1636 1750//1637 
f 1802//1637 1750//1637 1741//1638 
f 1803//1638 1741//1638 1740//1639 
f 1804//1639 1740//1639 1739//1640 
f 1805//1640 1739//1640 1738//1641 
f 1806//1641 1738//1641 1730//1642 
f 1807//1642 1730//1642 1717//1643 
f 1808//1643 1717//1643 1716//1644 
f 1809//1644 1716//1644 1729//1645 
f 1810//1645 1729//1645 1728//1646 
f 1811//1646 1728//1646 1764//1647 
f 1812//1647 1764//1647 1763//1648 
f 1813//1648 1763//1648 1762//1649 
f 1814//1649 1762//1649 1761//1650 
f 1815//1650 1761//1650 1760//1651 
f 1816//1651 1760//1651 1759//1652 
f 1817//1652 1759//1652 1749//1653 
f 1818//1653 1749//1653 1748//1654 
f 1819//1654 1748//1654 1755//1655 
f 1820//1655 1755//1655 1747//1656 
f 1821//1656 1747//1656 1727//1657 
f 1822//1657 1727//1657 1726//1600 
f 1726//1600 1765//1600 1822//1657 
f 1727//1657 1822//1657 1821//1656 
f 1747//1656 1821//1656 1820//1655 
f 1755//1655 1820//1655 1819//1654 
f 1748//1654 1819//1654 1818//1653 
f 1749//1653 1818//1653 1817//1652 
f 1759//1652 1817//1652 1816//1651 
f 1760//1651 1816//1651 1815//1650 
f 1761//1650 1815//1650 1814//1649 
f 1762//1649 1814//1649 1813//1648 
f 1763//1648 1813//1648 1812//1647 
f 1764//1647 1812//1647 1811//1646 
f 1728//1646 1811//1646 1810//1645 
f 1729//1645 1810//1645 1809//1644 
f 1716//1644 1809//1644 1808//1643 
f 1717//1643 1808//1643 1807//1642 
f 1730//1642 1807//1642 1806//1641 
f 1738//1641 1806//1641 1805//1640 
f 1739//1640 1805//1640 1804//1639 
f 1740//1639 1804//1639 1803//1638 
f 1741//1638 1803//1638 1802//1637 
f 1750//1637 1802//1637 1801//1636 
f 1751//1636 1801//1636 1800//1635 
f 1752//1635 1800//1635 1799//1634 
f 1756//1634 1799//1634 1798//1633 
f 1753//1633 1798//1633 1797//1632 
f 1754//1632 1797//1632 1796//1631 
f 1757//1631 1796//1631 1795//1630 
f 1758//1630 1795//1630 1794//1629 
f 1742//1629 1794//1629 1793//1628 
f 1743//1628 1793//1628 1792//1627 
f 1744//1627 1792//1627 1791//1626 
f 1745//1626 1791//1626 1790//1625 
f 1731//1625 1790//1625 1789//1624 
f 1732//1624 1789//1624 1788//1623 
f 1709//1623 1788//1623 1787//1622 
f 1710//1622 1787//1622 1786//1621 
f 1711//1621 1786//1621 1785//1620 
f 1712//1620 1785//1620 1784//1619 
f 1718//1619 1784//1619 1783//1618 
f 1719//1618 1783//1618 1782//1617 
f 1713//1617 1782//1617 1781//1616 
f 1714//1616 1781//1616 1780//1615 
f 1707//1615 1780//1615 1779//1614 
f 1708//1614 1779//1614 1778//1613 
f 1715//1613 1778//1613 1777//1612 
f 1720//1612 1777//1612 1776//1611 
f 1721//1611 1776//1611 1775//1610 
f 1733//1610 1775//1610 1774//1609 
f 1734//1609 1774//1609 1773//1608 
f 1722//1608 1773//1608 1772//1607 
f 1723//1607 1772//1607 1771//1606 
f 1724//1606 1771//1606 1770//1605 
f 1725//1605 1770//1605 1769//1604 
f 1735//1604 1769//1604 1768//1603 
f 1736//1603 1768//1603 1767//1602 
f 1746//1602 1767//1602 1766//1601 
f 1737//1601 1766//1601 1765//1600 
o mesh66
f 1779//1658 1678//1658 1680//1658 
f 1779//1658 1780//1658 1676//1658 
f 1771//1658 1694//1658 1696//1658 
f 1771//1658 1772//1658 1692//1658 
f 1772//1658 1773//1658 1690//1658 
f 1773//1658 1774//1658 1688//1658 
f 1777//1658 1682//1658 1684//1658 
f 1777//1658 1778//1658 1680//1658 
f 1676//1658 1678//1658 1779//1658 
f 1780//1658 1781//1658 1674//1658 
f 1692//1658 1694//1658 1771//1658 
f 1688//1658 1690//1658 1773//1658 
f 1775//1658 1686//1658 1688//1658 
f 1775//1658 1776//1658 1684//1658 
f 1680//1658 1682//1658 1777//1658 
f 1674//1658 1676//1658 1780//1658 
f 1782//1658 1672//1658 1674//1658 
f 1782//1658 1783//1658 1670//1658 
f 1786//1658 1664//1658 1666//1658 
f 1787//1658 1662//1658 1664//1658 
f 1788//1658 1660//1658 1662//1658 
f 1788//1658 1789//1658 1658//1658 
f 1794//1658 1648//1658 1650//1658 
f 1794//1658 1795//1658 1646//1658 
f 1808//1658 1620//1658 1622//1658 
f 1808//1658 1809//1658 1618//1658 
f 1769//1658 1698//1658 1700//1658 
f 1769//1658 1770//1658 1696//1658 
f 1690//1658 1692//1658 1772//1658 
f 1684//1658 1686//1658 1775//1658 
f 1680//1658 1778//1658 1779//1658 
f 1670//1658 1672//1658 1782//1658 
f 1784//1658 1668//1658 1670//1658 
f 1784//1658 1785//1658 1666//1658 
f 1664//1658 1786//1658 1787//1658 
f 1658//1658 1660//1658 1788//1658 
f 1790//1658 1656//1658 1658//1658 
f 1790//1658 1791//1658 1654//1658 
f 1793//1658 1650//1658 1652//1658 
f 1646//1658 1648//1658 1794//1658 
f 1806//1658 1624//1658 1626//1658 
f 1806//1658 1807//1658 1622//1658 
f 1618//1658 1620//1658 1808//1658 
f 1809//1658 1810//1658 1616//1658 
f 1765//1658 1766//1658 1704//1658 
f 1766//1658 1767//1658 1702//1658 
f 1768//1658 1700//1658 1702//1658 
f 1696//1658 1698//1658 1769//1658 
f 1688//1658 1774//1658 1775//1658 
f 1674//1658 1781//1658 1782//1658 
f 1666//1658 1668//1658 1784//1658 
f 1662//1658 1787//1658 1788//1658 
f 1654//1658 1656//1658 1790//1658 
f 1791//1658 1792//1658 1652//1658 
f 1650//1658 1793//1658 1794//1658 
f 1795//1658 1796//1658 1644//1658 
f 1798//1658 1640//1658 1642//1658 
f 1798//1658 1799//1658 1638//1658 
f 1804//1658 1628//1658 1630//1658 
f 1804//1658 1805//1658 1626//1658 
f 1622//1658 1624//1658 1806//1658 
f 1616//1658 1618//1658 1809//1658 
f 1811//1658 1614//1658 1616//1658 
f 1811//1658 1812//1658 1612//1658 
f 1702//1658 1704//1658 1766//1658 
f 1700//1658 1768//1658 1769//1658 
f 1684//1658 1776//1658 1777//1658 
f 1666//1658 1785//1658 1786//1658 
f 1652//1658 1654//1658 1791//1658 
f 1644//1658 1646//1658 1795//1658 
f 1797//1658 1642//1658 1644//1658 
f 1638//1658 1640//1658 1798//1658 
f 1801//1658 1634//1658 1636//1658 
f 1801//1658 1802//1658 1632//1658 
f 1802//1658 1803//1658 1630//1658 
f 1626//1658 1628//1658 1804//1658 
f 1622//1658 1807//1658 1808//1658 
f 1612//1658 1614//1658 1811//1658 
f 1702//1658 1767//1658 1768//1658 
f 1670//1658 1783//1658 1784//1658 
f 1652//1658 1792//1658 1793//1658 
f 1642//1658 1797//1658 1798//1658 
f 1800//1658 1636//1658 1638//1658 
f 1632//1658 1634//1658 1801//1658 
f 1630//1658 1803//1658 1804//1658 
f 1616//1658 1810//1658 1811//1658 
f 1819//1658 1598//1658 1600//1658 
f 1819//1658 1820//1658 1596//1658 
f 1696//1658 1770//1658 1771//1658 
f 1644//1658 1796//1658 1797//1658 
f 1636//1658 1800//1658 1801//1658 
f 1626//1658 1805//1658 1806//1658 
f 1815//1658 1606//1658 1608//1658 
f 1816//1658 1604//1658 1606//1658 
f 1817//1658 1602//1658 1604//1658 
f 1817//1658 1818//1658 1600//1658 
f 1596//1658 1598//1658 1819//1658 
f 1820//1658 1821//1658 1594//1658 
f 1822//1658 1591//1658 1594//1658 
f 1765//1658 1592//1658 1591//1658 
f 1658//1658 1789//1658 1790//1658 
f 1630//1658 1632//1658 1802//1658 
f 1813//1658 1610//1658 1612//1658 
f 1813//1658 1814//1658 1608//1658 
f 1606//1658 1815//1658 1816//1658 
f 1600//1658 1602//1658 1817//1658 
f 1594//1658 1596//1658 1820//1658 
f 1591//1658 1822//1658 1765//1658 
f 1638//1658 1799//1658 1800//1658 
f 1608//1658 1610//1658 1813//1658 
f 1604//1658 1816//1658 1817//1658 
f 1594//1658 1821//1658 1822//1658 
f 1612//1658 1812//1658 1813//1658 
f 1600//1658 1818//1658 1819//1658 
f 1608//1658 1814//1658 1815//1658 
f 1704//1658 1592//1658 1765//1658 
g Part 3
v 0.0328448 -0.0351595 0 
v 0.0328325 -0.0349325 0 
v 0.0328325 -0.0349325 0.00213 
v 0.0328816 -0.0353839 0 
v 0.0328448 -0.0351595 0.00213 
v 0.0329424 -0.035603 0 
v 0.0328816 -0.0353839 0.00213 
v 0.0330266 -0.0358143 0 
v 0.0329424 -0.035603 0.00213 
v 0.0331331 -0.0360152 0 
v 0.0330266 -0.0358143 0.00213 
v 0.0332607 -0.0362034 0 
v 0.0331331 -0.0360152 0.00213 
v 0.0334079 -0.0363767 0 
v 0.0332607 -0.0362034 0.00213 
v 0.033573 -0.036533 0 
v 0.0334079 -0.0363767 0.00213 
v 0.033754 -0.0366706 0 
v 0.033573 -0.036533 0.00213 
v 0.0339488 -0.0367879 0 
v 0.033754 -0.0366706 0.00213 
v 0.0341552 -0.0368834 0 
v 0.0339488 -0.0367879 0.00213 
v 0.0343707 -0.036956 0 
v 0.0341552 -0.0368834 0.00213 
v 0.0345928 -0.0370048 0 
v 0.0343707 -0.036956 0.00213 
v 0.0348188 -0.0370294 0 
v 0.0345928 -0.0370048 0.00213 
v 0.0350462 -0.0370294 0 
v 0.0348188 -0.0370294 0.00213 
v 0.0352722 -0.0370048 0 
v 0.0350462 -0.0370294 0.00213 
v 0.0354943 -0.036956 0 
v 0.0352722 -0.0370048 0.00213 
v 0.0357098 -0.0368834 0 
v 0.0354943 -0.036956 0.00213 
v 0.0359162 -0.0367879 0 
v 0.0357098 -0.0368834 0.00213 
v 0.036111 -0.0366706 0 
v 0.0359162 -0.0367879 0.00213 
v 0.036292 -0.036533 0 
v 0.036111 -0.0366706 0.00213 
v 0.0364571 -0.0363767 0 
v 0.036292 -0.036533 0.00213 
v 0.0366043 -0.0362034 0 
v 0.0364571 -0.0363767 0.00213 
v 0.0367319 -0.0360152 0 
v 0.0366043 -0.0362034 0.00213 
v 0.0368384 -0.0358143 0 
v 0.0367319 -0.0360152 0.00213 
v 0.0369226 -0.035603 0 
v 0.0368384 -0.0358143 0.00213 
v 0.0369834 -0.0353839 0 
v 0.0369226 -0.035603 0.00213 
v 0.0370202 -0.0351595 0 
v 0.0369834 -0.0353839 0.00213 
v 0.0370325 -0.0349325 0 
v 0.0370202 -0.0351595 0.00213 
v 0.0370202 -0.0347055 0 
v 0.0370325 -0.0349325 0.00213 
v 0.0369834 -0.0344811 0 
v 0.0370202 -0.0347055 0.00213 
v 0.0369226 -0.034262 0 
v 0.0369834 -0.0344811 0.00213 
v 0.0368384 -0.0340507 0 
v 0.0369226 -0.034262 0.00213 
v 0.0367319 -0.0338498 0 
v 0.0368384 -0.0340507 0.00213 
v 0.0366043 -0.0336616 0 
v 0.0367319 -0.0338498 0.00213 
v 0.0364571 -0.0334883 0 
v 0.0366043 -0.0336616 0.00213 
v 0.036292 -0.033332 0 
v 0.0364571 -0.0334883 0.00213 
v 0.036111 -0.0331944 0 
v 0.036292 -0.033332 0.00213 
v 0.0359162 -0.0330771 0 
v 0.036111 -0.0331944 0.00213 
v 0.0357098 -0.0329816 0 
v 0.0359162 -0.0330771 0.00213 
v 0.0354943 -0.032909 0 
v 0.0357098 -0.0329816 0.00213 
v 0.0352722 -0.0328602 0 
v 0.0354943 -0.032909 0.00213 
v 0.0350462 -0.0328356 0 
v 0.0352722 -0.0328602 0.00213 
v 0.0348188 -0.0328356 0 
v 0.0350462 -0.0328356 0.00213 
v 0.0345928 -0.0328602 0 
v 0.0348188 -0.0328356 0.00213 
v 0.0343707 -0.032909 0 
v 0.0345928 -0.0328602 0.00213 
v 0.0341552 -0.0329816 0 
v 0.0343707 -0.032909 0.00213 
v 0.0339488 -0.0330771 0 
v 0.0341552 -0.0329816 0.00213 
v 0.033754 -0.0331944 0 
v 0.0339488 -0.0330771 0.00213 
v 0.033573 -0.033332 0 
v 0.033754 -0.0331944 0.00213 
v 0.0334079 -0.0334883 0 
v 0.033573 -0.033332 0.00213 
v 0.0332607 -0.0336616 0 
v 0.0334079 -0.0334883 0.00213 
v 0.0331331 -0.0338498 0 
v 0.0332607 -0.0336616 0.00213 
v 0.0330266 -0.0340507 0 
v 0.0331331 -0.0338498 0.00213 
v 0.0329424 -0.034262 0 
v 0.0330266 -0.0340507 0.00213 
v 0.0328816 -0.0344811 0 
v 0.0329424 -0.034262 0.00213 
v 0.0328448 -0.0347055 0 
v 0.0328816 -0.0344811 0.00213 
v 0.0328448 -0.0347055 0.00213 
v 0.0351224 -0.0314301 0.00213 
v 0.0347426 -0.0314301 0.00213 
v 0.0377248 -0.0328099 0.00213 
v 0.0374789 -0.0325204 0.00213 
v 0.0372032 -0.0322592 0.00213 
v 0.0369009 -0.0320294 0.00213 
v 0.0358709 -0.0315528 0.00213 
v 0.0355 -0.0314712 0.00213 
v 0.034365 -0.0314712 0.00213 
v 0.0347426 -0.0384349 0.00213 
v 0.0351224 -0.0384349 0.00213 
v 0.0365754 -0.0318336 0.00213 
v 0.0362308 -0.0316741 0.00213 
v 0.0339941 -0.0315528 0.00213 
v 0.0336342 -0.0316741 0.00213 
v 0.0326618 -0.0322592 0.00213 
v 0.0323861 -0.0325204 0.00213 
v 0.0321402 -0.0328099 0.00213 
v 0.0319271 -0.0331242 0.00213 
v 0.031425 -0.0349325 0.00213 
v 0.0314456 -0.0353117 0.00213 
v 0.0339941 -0.0383122 0.00213 
v 0.034365 -0.0383938 0.00213 
v 0.0355 -0.0383938 0.00213 
v 0.0381158 -0.0334597 0.00213 
v 0.0379379 -0.0331242 0.00213 
v 0.0332896 -0.0318336 0.00213 
v 0.0329641 -0.0320294 0.00213 
v 0.0317492 -0.0334597 0.00213 
v 0.0316086 -0.0338125 0.00213 
v 0.0314456 -0.0345533 0.00213 
v 0.0358709 -0.0383122 0.00213 
v 0.0362308 -0.0381909 0.00213 
v 0.0365754 -0.0380314 0.00213 
v 0.0369009 -0.0378356 0.00213 
v 0.03844 -0.0349325 0.00213 
v 0.0384194 -0.0345533 0.00213 
v 0.038358 -0.0341785 0.00213 
v 0.0382564 -0.0338125 0.00213 
v 0.031507 -0.0341785 0.00213 
v 0.031507 -0.0356865 0.00213 
v 0.0317492 -0.0364053 0.00213 
v 0.0319271 -0.0367408 0.00213 
v 0.0372032 -0.0376058 0.00213 
v 0.0374789 -0.0373446 0.00213 
v 0.0377248 -0.0370551 0.00213 
v 0.0381158 -0.0364053 0.00213 
v 0.0382564 -0.0360525 0.00213 
v 0.0316086 -0.0360525 0.00213 
v 0.0379379 -0.0367408 0.00213 
v 0.038358 -0.0356865 0.00213 
v 0.0384194 -0.0353117 0.00213 
v 0.0321402 -0.0370551 0.00213 
v 0.0323861 -0.0373446 0.00213 
v 0.0326618 -0.0376058 0.00213 
v 0.0329641 -0.0378356 0.00213 
v 0.0332896 -0.0380314 0.00213 
v 0.0336342 -0.0381909 0.00213 
v 0.031425 -0.0349325 0 
v 0.0314456 -0.0345533 0 
v 0.031507 -0.0341785 0 
v 0.0316086 -0.0338125 0 
v 0.0317492 -0.0334597 0 
v 0.0319271 -0.0331242 0 
v 0.0321402 -0.0328099 0 
v 0.0323861 -0.0325204 0 
v 0.0326618 -0.0322592 0 
v 0.0329641 -0.0320294 0 
v 0.0332896 -0.0318336 0 
v 0.0336342 -0.0316741 0 
v 0.0339941 -0.0315528 0 
v 0.034365 -0.0314712 0 
v 0.0347426 -0.0314301 0 
v 0.0351224 -0.0314301 0 
v 0.0355 -0.0314712 0 
v 0.0358709 -0.0315528 0 
v 0.0362308 -0.0316741 0 
v 0.0365754 -0.0318336 0 
v 0.0369009 -0.0320294 0 
v 0.0372032 -0.0322592 0 
v 0.0374789 -0.0325204 0 
v 0.0377248 -0.0328099 0 
v 0.0379379 -0.0331242 0 
v 0.0381158 -0.0334597 0 
v 0.0382564 -0.0338125 0 
v 0.038358 -0.0341785 0 
v 0.0384194 -0.0345533 0 
v 0.03844 -0.0349325 0 
v 0.0384194 -0.0353117 0 
v 0.038358 -0.0356865 0 
v 0.0382564 -0.0360525 0 
v 0.0381158 -0.0364053 0 
v 0.0379379 -0.0367408 0 
v 0.0377248 -0.0370551 0 
v 0.0374789 -0.0373446 0 
v 0.0372032 -0.0376058 0 
v 0.0369009 -0.0378356 0 
v 0.0365754 -0.0380314 0 
v 0.0362308 -0.0381909 0 
v 0.0358709 -0.0383122 0 
v 0.0355 -0.0383938 0 
v 0.0351224 -0.0384349 0 
v 0.0347426 -0.0384349 0 
v 0.034365 -0.0383938 0 
v 0.0339941 -0.0383122 0 
v 0.0336342 -0.0381909 0 
v 0.0332896 -0.0380314 0 
v 0.0329641 -0.0378356 0 
v 0.0326618 -0.0376058 0 
v 0.0323861 -0.0373446 0 
v 0.0321402 -0.0370551 0 
v 0.0319271 -0.0367408 0 
v 0.0317492 -0.0364053 0 
v 0.0316086 -0.0360525 0 
v 0.031507 -0.0356865 0 
v 0.0314456 -0.0353117 0 
vn 0.994138 0.108119 0 
vn 1 2.44929e-16 0 
vn 0.976621 0.21497 0 
vn 0.994138 0.108119 0 
vn 0.947653 0.319302 0 
vn 0.976621 0.21497 0 
vn 0.907575 0.419889 0 
vn 0.947653 0.319302 0 
vn 0.856857 0.515554 0 
vn 0.907575 0.419889 0 
vn 0.796093 0.605174 0 
vn 0.856857 0.515554 0 
vn 0.725995 0.687699 0 
vn 0.796093 0.605174 0 
vn 0.647386 0.762162 0 
vn 0.725995 0.687699 0 
vn 0.561187 0.827689 0 
vn 0.647386 0.762162 0 
vn 0.468408 0.883512 0 
vn 0.561187 0.827689 0 
vn 0.370138 0.928977 0 
vn 0.468408 0.883512 0 
vn 0.267528 0.96355 0 
vn 0.370138 0.928977 0 
vn 0.161782 0.986827 0 
vn 0.267528 0.96355 0 
vn 0.0541389 0.998533 0 
vn 0.161782 0.986827 0 
vn -0.0541389 0.998533 0 
vn 0.0541389 0.998533 0 
vn -0.161782 0.986827 0 
vn -0.0541389 0.998533 0 
vn -0.267528 0.96355 0 
vn -0.161782 0.986827 0 
vn -0.370138 0.928977 0 
vn -0.267528 0.96355 0 
vn -0.468408 0.883512 0 
vn -0.370138 0.928977 0 
vn -0.561187 0.827689 0 
vn -0.468408 0.883512 0 
vn -0.647386 0.762162 0 
vn -0.561187 0.827689 0 
vn -0.725995 0.687699 0 
vn -0.647386 0.762162 0 
vn -0.796093 0.605174 0 
vn -0.725995 0.687699 0 
vn -0.856857 0.515554 0 
vn -0.796093 0.605174 0 
vn -0.907575 0.419889 0 
vn -0.856857 0.515554 0 
vn -0.947653 0.319302 0 
vn -0.907575 0.419889 0 
vn -0.976621 0.21497 0 
vn -0.947653 0.319302 0 
vn -0.994138 0.108119 0 
vn -0.976621 0.21497 0 
vn -1 -1.22465e-16 0 
vn -0.994138 0.108119 0 
vn -0.994138 -0.108119 0 
vn -1 -1.22465e-16 0 
vn -0.976621 -0.21497 0 
vn -0.994138 -0.108119 0 
vn -0.947653 -0.319302 0 
vn -0.976621 -0.21497 0 
vn -0.907575 -0.419889 0 
vn -0.947653 -0.319302 0 
vn -0.856857 -0.515554 0 
vn -0.907575 -0.419889 0 
vn -0.796093 -0.605174 0 
vn -0.856857 -0.515554 0 
vn -0.725995 -0.687699 0 
vn -0.796093 -0.605174 0 
vn -0.647386 -0.762162 0 
vn -0.725995 -0.687699 0 
vn -0.561187 -0.827689 0 
vn -0.647386 -0.762162 0 
vn -0.468408 -0.883512 0 
vn -0.561187 -0.827689 0 
vn -0.370138 -0.928977 0 
vn -0.468408 -0.883512 0 
vn -0.267528 -0.96355 0 
vn -0.370138 -0.928977 0 
vn -0.161782 -0.986827 0 
vn -0.267528 -0.96355 0 
vn -0.0541389 -0.998533 0 
vn -0.161782 -0.986827 0 
vn 0.0541389 -0.998533 0 
vn -0.0541389 -0.998533 0 
vn 0.161782 -0.986827 0 
vn 0.0541389 -0.998533 0 
vn 0.267528 -0.96355 0 
vn 0.161782 -0.986827 0 
vn 0.370138 -0.928977 0 
vn 0.267528 -0.96355 0 
vn 0.468408 -0.883512 0 
vn 0.370138 -0.928977 0 
vn 0.561187 -0.827689 0 
vn 0.468408 -0.883512 0 
vn 0.647386 -0.762162 0 
vn 0.561187 -0.827689 0 
vn 0.725995 -0.687699 0 
vn 0.647386 -0.762162 0 
vn 0.796093 -0.605174 0 
vn 0.725995 -0.687699 0 
vn 0.856857 -0.515554 0 
vn 0.796093 -0.605174 0 
vn 0.907575 -0.419889 0 
vn 0.856857 -0.515554 0 
vn 0.947653 -0.319302 0 
vn 0.907575 -0.419889 0 
vn 0.976621 -0.21497 0 
vn 0.947653 -0.319302 0 
vn 0.994138 -0.108119 0 
vn 0.976621 -0.21497 0 
vn 0 0 1 
vn -1 0 0 
vn -0.994138 0.108119 0 
vn -0.976621 0.21497 0 
vn -0.947653 0.319302 0 
vn -0.907575 0.419889 0 
vn -0.856857 0.515554 0 
vn -0.796093 0.605174 0 
vn -0.725995 0.687699 0 
vn -0.647386 0.762162 0 
vn -0.561187 0.827689 0 
vn -0.468408 0.883512 0 
vn -0.370138 0.928977 0 
vn -0.267528 0.96355 0 
vn -0.161782 0.986827 0 
vn -0.0541389 0.998533 0 
vn 0.0541389 0.998533 0 
vn 0.161782 0.986827 0 
vn 0.267528 0.96355 0 
vn 0.370138 0.928977 0 
vn 0.468408 0.883512 0 
vn 0.561187 0.827689 0 
vn 0.647386 0.762162 0 
vn 0.725995 0.687699 0 
vn 0.796093 0.605174 0 
vn 0.856857 0.515554 0 
vn 0.907575 0.419889 0 
vn 0.947653 0.319302 0 
vn 0.976621 0.21497 0 
vn 0.994138 0.108119 0 
vn 1 1.22465e-16 0 
vn 0.994138 -0.108119 0 
vn 0.976621 -0.21497 0 
vn 0.947653 -0.319302 0 
vn 0.907575 -0.419889 0 
vn 0.856857 -0.515554 0 
vn 0.796093 -0.605174 0 
vn 0.725995 -0.687699 0 
vn 0.647386 -0.762162 0 
vn 0.561187 -0.827689 0 
vn 0.468408 -0.883512 0 
vn 0.370138 -0.928977 0 
vn 0.267528 -0.96355 0 
vn 0.161782 -0.986827 0 
vn 0.0541389 -0.998533 0 
vn -0.0541389 -0.998533 0 
vn -0.161782 -0.986827 0 
vn -0.267528 -0.96355 0 
vn -0.370138 -0.928977 0 
vn -0.468408 -0.883512 0 
vn -0.561187 -0.827689 0 
vn -0.647386 -0.762162 0 
vn -0.725995 -0.687699 0 
vn -0.796093 -0.605174 0 
vn -0.856857 -0.515554 0 
vn -0.907575 -0.419889 0 
vn -0.947653 -0.319302 0 
vn -0.976621 -0.21497 0 
vn -0.994138 -0.108119 0 
vn 0 0 -1 
usemtl 0.231373_0.380392_0.705882_0.000000_0.000000
o mesh67
f 1823//1659 1824//1660 1825//1660 
f 1826//1661 1823//1659 1827//1662 
f 1828//1663 1826//1661 1829//1664 
f 1830//1665 1828//1663 1831//1666 
f 1832//1667 1830//1665 1833//1668 
f 1834//1669 1832//1667 1835//1670 
f 1836//1671 1834//1669 1837//1672 
f 1838//1673 1836//1671 1839//1674 
f 1840//1675 1838//1673 1841//1676 
f 1842//1677 1840//1675 1843//1678 
f 1844//1679 1842//1677 1845//1680 
f 1846//1681 1844//1679 1847//1682 
f 1848//1683 1846//1681 1849//1684 
f 1850//1685 1848//1683 1851//1686 
f 1852//1687 1850//1685 1853//1688 
f 1854//1689 1852//1687 1855//1690 
f 1856//1691 1854//1689 1857//1692 
f 1858//1693 1856//1691 1859//1694 
f 1860//1695 1858//1693 1861//1696 
f 1862//1697 1860//1695 1863//1698 
f 1864//1699 1862//1697 1865//1700 
f 1866//1701 1864//1699 1867//1702 
f 1868//1703 1866//1701 1869//1704 
f 1870//1705 1868//1703 1871//1706 
f 1872//1707 1870//1705 1873//1708 
f 1874//1709 1872//1707 1875//1710 
f 1876//1711 1874//1709 1877//1712 
f 1878//1713 1876//1711 1879//1714 
f 1880//1715 1878//1713 1881//1716 
f 1882//1717 1880//1715 1883//1718 
f 1884//1719 1882//1717 1885//1720 
f 1886//1721 1884//1719 1887//1722 
f 1888//1723 1886//1721 1889//1724 
f 1890//1725 1888//1723 1891//1726 
f 1892//1727 1890//1725 1893//1728 
f 1894//1729 1892//1727 1895//1730 
f 1896//1731 1894//1729 1897//1732 
f 1898//1733 1896//1731 1899//1734 
f 1900//1735 1898//1733 1901//1736 
f 1902//1737 1900//1735 1903//1738 
f 1904//1739 1902//1737 1905//1740 
f 1906//1741 1904//1739 1907//1742 
f 1908//1743 1906//1741 1909//1744 
f 1910//1745 1908//1743 1911//1746 
f 1912//1747 1910//1745 1913//1748 
f 1914//1749 1912//1747 1915//1750 
f 1916//1751 1914//1749 1917//1752 
f 1918//1753 1916//1751 1919//1754 
f 1920//1755 1918//1753 1921//1756 
f 1922//1757 1920//1755 1923//1758 
f 1924//1759 1922//1757 1925//1760 
f 1926//1761 1924//1759 1927//1762 
f 1928//1763 1926//1761 1929//1764 
f 1930//1765 1928//1763 1931//1766 
f 1932//1767 1930//1765 1933//1768 
f 1934//1769 1932//1767 1935//1770 
f 1936//1771 1934//1769 1937//1772 
f 1824//1660 1936//1771 1938//1771 
f 1938//1771 1825//1660 1824//1660 
f 1937//1772 1938//1771 1936//1771 
f 1935//1770 1937//1772 1934//1769 
f 1933//1768 1935//1770 1932//1767 
f 1931//1766 1933//1768 1930//1765 
f 1929//1764 1931//1766 1928//1763 
f 1927//1762 1929//1764 1926//1761 
f 1925//1760 1927//1762 1924//1759 
f 1923//1758 1925//1760 1922//1757 
f 1921//1756 1923//1758 1920//1755 
f 1919//1754 1921//1756 1918//1753 
f 1917//1752 1919//1754 1916//1751 
f 1915//1750 1917//1752 1914//1749 
f 1913//1748 1915//1750 1912//1747 
f 1911//1746 1913//1748 1910//1745 
f 1909//1744 1911//1746 1908//1743 
f 1907//1742 1909//1744 1906//1741 
f 1905//1740 1907//1742 1904//1739 
f 1903//1738 1905//1740 1902//1737 
f 1901//1736 1903//1738 1900//1735 
f 1899//1734 1901//1736 1898//1733 
f 1897//1732 1899//1734 1896//1731 
f 1895//1730 1897//1732 1894//1729 
f 1893//1728 1895//1730 1892//1727 
f 1891//1726 1893//1728 1890//1725 
f 1889//1724 1891//1726 1888//1723 
f 1887//1722 1889//1724 1886//1721 
f 1885//1720 1887//1722 1884//1719 
f 1883//1718 1885//1720 1882//1717 
f 1881//1716 1883//1718 1880//1715 
f 1879//1714 1881//1716 1878//1713 
f 1877//1712 1879//1714 1876//1711 
f 1875//1710 1877//1712 1874//1709 
f 1873//1708 1875//1710 1872//1707 
f 1871//1706 1873//1708 1870//1705 
f 1869//1704 1871//1706 1868//1703 
f 1867//1702 1869//1704 1866//1701 
f 1865//1700 1867//1702 1864//1699 
f 1863//1698 1865//1700 1862//1697 
f 1861//1696 1863//1698 1860//1695 
f 1859//1694 1861//1696 1858//1693 
f 1857//1692 1859//1694 1856//1691 
f 1855//1690 1857//1692 1854//1689 
f 1853//1688 1855//1690 1852//1687 
f 1851//1686 1853//1688 1850//1685 
f 1849//1684 1851//1686 1848//1683 
f 1847//1682 1849//1684 1846//1681 
f 1845//1680 1847//1682 1844//1679 
f 1843//1678 1845//1680 1842//1677 
f 1841//1676 1843//1678 1840//1675 
f 1839//1674 1841//1676 1838//1673 
f 1837//1672 1839//1674 1836//1671 
f 1835//1670 1837//1672 1834//1669 
f 1833//1668 1835//1670 1832//1667 
f 1831//1666 1833//1668 1830//1665 
f 1829//1664 1831//1666 1828//1663 
f 1827//1662 1829//1664 1826//1661 
f 1825//1660 1827//1662 1823//1659 
o mesh68
f 1939//1773 1911//1773 1909//1773 
f 1939//1773 1940//1773 1913//1773 
f 1941//1773 1895//1773 1893//1773 
f 1941//1773 1942//1773 1897//1773 
f 1942//1773 1943//1773 1899//1773 
f 1943//1773 1944//1773 1901//1773 
f 1945//1773 1907//1773 1905//1773 
f 1945//1773 1946//1773 1909//1773 
f 1913//1773 1911//1773 1939//1773 
f 1940//1773 1947//1773 1915//1773 
f 1948//1773 1853//1773 1851//1773 
f 1948//1773 1949//1773 1855//1773 
f 1897//1773 1895//1773 1941//1773 
f 1901//1773 1899//1773 1943//1773 
f 1950//1773 1903//1773 1901//1773 
f 1950//1773 1951//1773 1905//1773 
f 1909//1773 1907//1773 1945//1773 
f 1915//1773 1913//1773 1940//1773 
f 1952//1773 1917//1773 1915//1773 
f 1952//1773 1953//1773 1919//1773 
f 1954//1773 1925//1773 1923//1773 
f 1955//1773 1927//1773 1925//1773 
f 1956//1773 1929//1773 1927//1773 
f 1956//1773 1957//1773 1931//1773 
f 1958//1773 1825//1773 1938//1773 
f 1958//1773 1959//1773 1827//1773 
f 1960//1773 1849//1773 1847//1773 
f 1960//1773 1961//1773 1851//1773 
f 1855//1773 1853//1773 1948//1773 
f 1949//1773 1962//1773 1857//1773 
f 1963//1773 1891//1773 1889//1773 
f 1963//1773 1964//1773 1893//1773 
f 1899//1773 1897//1773 1942//1773 
f 1905//1773 1903//1773 1950//1773 
f 1909//1773 1946//1773 1939//1773 
f 1919//1773 1917//1773 1952//1773 
f 1965//1773 1921//1773 1919//1773 
f 1965//1773 1966//1773 1923//1773 
f 1925//1773 1954//1773 1955//1773 
f 1931//1773 1929//1773 1956//1773 
f 1967//1773 1933//1773 1931//1773 
f 1967//1773 1968//1773 1935//1773 
f 1969//1773 1938//1773 1937//1773 
f 1827//1773 1825//1773 1958//1773 
f 1851//1773 1849//1773 1960//1773 
f 1857//1773 1855//1773 1949//1773 
f 1970//1773 1859//1773 1857//1773 
f 1970//1773 1971//1773 1861//1773 
f 1972//1773 1863//1773 1861//1773 
f 1972//1773 1973//1773 1865//1773 
f 1974//1773 1975//1773 1885//1773 
f 1975//1773 1976//1773 1887//1773 
f 1977//1773 1889//1773 1887//1773 
f 1893//1773 1891//1773 1963//1773 
f 1901//1773 1944//1773 1950//1773 
f 1915//1773 1947//1773 1952//1773 
f 1923//1773 1921//1773 1965//1773 
f 1927//1773 1955//1773 1956//1773 
f 1935//1773 1933//1773 1967//1773 
f 1968//1773 1978//1773 1937//1773 
f 1938//1773 1969//1773 1958//1773 
f 1959//1773 1979//1773 1829//1773 
f 1980//1773 1833//1773 1831//1773 
f 1980//1773 1981//1773 1835//1773 
f 1851//1773 1961//1773 1948//1773 
f 1861//1773 1859//1773 1970//1773 
f 1865//1773 1863//1773 1972//1773 
f 1982//1773 1867//1773 1865//1773 
f 1983//1773 1869//1773 1867//1773 
f 1983//1773 1984//1773 1871//1773 
f 1985//1773 1875//1773 1873//1773 
f 1985//1773 1986//1773 1877//1773 
f 1887//1773 1885//1773 1975//1773 
f 1889//1773 1977//1773 1963//1773 
f 1905//1773 1951//1773 1945//1773 
f 1923//1773 1966//1773 1954//1773 
f 1937//1773 1935//1773 1968//1773 
f 1829//1773 1827//1773 1959//1773 
f 1987//1773 1831//1773 1829//1773 
f 1835//1773 1833//1773 1980//1773 
f 1857//1773 1962//1773 1970//1773 
f 1865//1773 1973//1773 1982//1773 
f 1871//1773 1869//1773 1983//1773 
f 1984//1773 1988//1773 1873//1773 
f 1877//1773 1875//1773 1985//1773 
f 1986//1773 1989//1773 1879//1773 
f 1990//1773 1881//1773 1879//1773 
f 1974//1773 1883//1773 1881//1773 
f 1887//1773 1976//1773 1977//1773 
f 1919//1773 1953//1773 1965//1773 
f 1937//1773 1978//1773 1969//1773 
f 1831//1773 1987//1773 1980//1773 
f 1991//1773 1837//1773 1835//1773 
f 1991//1773 1992//1773 1839//1773 
f 1992//1773 1993//1773 1841//1773 
f 1993//1773 1994//1773 1843//1773 
f 1861//1773 1971//1773 1972//1773 
f 1873//1773 1871//1773 1984//1773 
f 1879//1773 1877//1773 1986//1773 
f 1881//1773 1990//1773 1974//1773 
f 1893//1773 1964//1773 1941//1773 
f 1829//1773 1979//1773 1987//1773 
f 1839//1773 1837//1773 1991//1773 
f 1843//1773 1841//1773 1993//1773 
f 1995//1773 1845//1773 1843//1773 
f 1995//1773 1996//1773 1847//1773 
f 1867//1773 1982//1773 1983//1773 
f 1879//1773 1989//1773 1990//1773 
f 1931//1773 1957//1773 1967//1773 
f 1841//1773 1839//1773 1992//1773 
f 1847//1773 1845//1773 1995//1773 
f 1873//1773 1988//1773 1985//1773 
f 1835//1773 1981//1773 1991//1773 
f 1847//1773 1996//1773 1960//1773 
f 1843//1773 1994//1773 1995//1773 
f 1885//1773 1883//1773 1974//1773 
o mesh69
f 1997//1774 1958//1774 1969//1775 
f 1998//1775 1969//1775 1978//1776 
f 1999//1776 1978//1776 1968//1777 
f 2000//1777 1968//1777 1967//1778 
f 2001//1778 1967//1778 1957//1779 
f 2002//1779 1957//1779 1956//1780 
f 2003//1780 1956//1780 1955//1781 
f 2004//1781 1955//1781 1954//1782 
f 2005//1782 1954//1782 1966//1783 
f 2006//1783 1966//1783 1965//1784 
f 2007//1784 1965//1784 1953//1785 
f 2008//1785 1953//1785 1952//1786 
f 2009//1786 1952//1786 1947//1787 
f 2010//1787 1947//1787 1940//1788 
f 2011//1788 1940//1788 1939//1789 
f 2012//1789 1939//1789 1946//1790 
f 2013//1790 1946//1790 1945//1791 
f 2014//1791 1945//1791 1951//1792 
f 2015//1792 1951//1792 1950//1793 
f 2016//1793 1950//1793 1944//1794 
f 2017//1794 1944//1794 1943//1795 
f 2018//1795 1943//1795 1942//1796 
f 2019//1796 1942//1796 1941//1797 
f 2020//1797 1941//1797 1964//1798 
f 2021//1798 1964//1798 1963//1799 
f 2022//1799 1963//1799 1977//1800 
f 2023//1800 1977//1800 1976//1801 
f 2024//1801 1976//1801 1975//1802 
f 2025//1802 1975//1802 1974//1803 
f 2026//1803 1974//1803 1990//1804 
f 2027//1804 1990//1804 1989//1805 
f 2028//1805 1989//1805 1986//1806 
f 2029//1806 1986//1806 1985//1807 
f 2030//1807 1985//1807 1988//1808 
f 2031//1808 1988//1808 1984//1809 
f 2032//1809 1984//1809 1983//1810 
f 2033//1810 1983//1810 1982//1811 
f 2034//1811 1982//1811 1973//1812 
f 2035//1812 1973//1812 1972//1813 
f 2036//1813 1972//1813 1971//1814 
f 2037//1814 1971//1814 1970//1815 
f 2038//1815 1970//1815 1962//1816 
f 2039//1816 1962//1816 1949//1817 
f 2040//1817 1949//1817 1948//1818 
f 2041//1818 1948//1818 1961//1819 
f 2042//1819 1961//1819 1960//1820 
f 2043//1820 1960//1820 1996//1821 
f 2044//1821 1996//1821 1995//1822 
f 2045//1822 1995//1822 1994//1823 
f 2046//1823 1994//1823 1993//1824 
f 2047//1824 1993//1824 1992//1825 
f 2048//1825 1992//1825 1991//1826 
f 2049//1826 1991//1826 1981//1827 
f 2050//1827 1981//1827 1980//1828 
f 2051//1828 1980//1828 1987//1829 
f 2052//1829 1987//1829 1979//1830 
f 2053//1830 1979//1830 1959//1831 
f 2054//1831 1959//1831 1958//1774 
f 1958//1774 1997//1774 2054//1831 
f 1959//1831 2054//1831 2053//1830 
f 1979//1830 2053//1830 2052//1829 
f 1987//1829 2052//1829 2051//1828 
f 1980//1828 2051//1828 2050//1827 
f 1981//1827 2050//1827 2049//1826 
f 1991//1826 2049//1826 2048//1825 
f 1992//1825 2048//1825 2047//1824 
f 1993//1824 2047//1824 2046//1823 
f 1994//1823 2046//1823 2045//1822 
f 1995//1822 2045//1822 2044//1821 
f 1996//1821 2044//1821 2043//1820 
f 1960//1820 2043//1820 2042//1819 
f 1961//1819 2042//1819 2041//1818 
f 1948//1818 2041//1818 2040//1817 
f 1949//1817 2040//1817 2039//1816 
f 1962//1816 2039//1816 2038//1815 
f 1970//1815 2038//1815 2037//1814 
f 1971//1814 2037//1814 2036//1813 
f 1972//1813 2036//1813 2035//1812 
f 1973//1812 2035//1812 2034//1811 
f 1982//1811 2034//1811 2033//1810 
f 1983//1810 2033//1810 2032//1809 
f 1984//1809 2032//1809 2031//1808 
f 1988//1808 2031//1808 2030//1807 
f 1985//1807 2030//1807 2029//1806 
f 1986//1806 2029//1806 2028//1805 
f 1989//1805 2028//1805 2027//1804 
f 1990//1804 2027//1804 2026//1803 
f 1974//1803 2026//1803 2025//1802 
f 1975//1802 2025//1802 2024//1801 
f 1976//1801 2024//1801 2023//1800 
f 1977//1800 2023//1800 2022//1799 
f 1963//1799 2022//1799 2021//1798 
f 1964//1798 2021//1798 2020//1797 
f 1941//1797 2020//1797 2019//1796 
f 1942//1796 2019//1796 2018//1795 
f 1943//1795 2018//1795 2017//1794 
f 1944//1794 2017//1794 2016//1793 
f 1950//1793 2016//1793 2015//1792 
f 1951//1792 2015//1792 2014//1791 
f 1945//1791 2014//1791 2013//1790 
f 1946//1790 2013//1790 2012//1789 
f 1939//1789 2012//1789 2011//1788 
f 1940//1788 2011//1788 2010//1787 
f 1947//1787 2010//1787 2009//1786 
f 1952//1786 2009//1786 2008//1785 
f 1953//1785 2008//1785 2007//1784 
f 1965//1784 2007//1784 2006//1783 
f 1966//1783 2006//1783 2005//1782 
f 1954//1782 2005//1782 2004//1781 
f 1955//1781 2004//1781 2003//1780 
f 1956//1780 2003//1780 2002//1779 
f 1957//1779 2002//1779 2001//1778 
f 1967//1778 2001//1778 2000//1777 
f 1968//1777 2000//1777 1999//1776 
f 1978//1776 1999//1776 1998//1775 
f 1969//1775 1998//1775 1997//1774 
o mesh70
f 2011//1832 1910//1832 1912//1832 
f 2011//1832 2012//1832 1908//1832 
f 2003//1832 1926//1832 1928//1832 
f 2003//1832 2004//1832 1924//1832 
f 2004//1832 2005//1832 1922//1832 
f 2005//1832 2006//1832 1920//1832 
f 2009//1832 1914//1832 1916//1832 
f 2009//1832 2010//1832 1912//1832 
f 1908//1832 1910//1832 2011//1832 
f 2012//1832 2013//1832 1906//1832 
f 1924//1832 1926//1832 2003//1832 
f 1920//1832 1922//1832 2005//1832 
f 2007//1832 1918//1832 1920//1832 
f 2007//1832 2008//1832 1916//1832 
f 1912//1832 1914//1832 2009//1832 
f 1906//1832 1908//1832 2012//1832 
f 2014//1832 1904//1832 1906//1832 
f 2014//1832 2015//1832 1902//1832 
f 2018//1832 1896//1832 1898//1832 
f 2019//1832 1894//1832 1896//1832 
f 2020//1832 1892//1832 1894//1832 
f 2020//1832 2021//1832 1890//1832 
f 2026//1832 1880//1832 1882//1832 
f 2026//1832 2027//1832 1878//1832 
f 2040//1832 1852//1832 1854//1832 
f 2040//1832 2041//1832 1850//1832 
f 2001//1832 1930//1832 1932//1832 
f 2001//1832 2002//1832 1928//1832 
f 1922//1832 1924//1832 2004//1832 
f 1916//1832 1918//1832 2007//1832 
f 1912//1832 2010//1832 2011//1832 
f 1902//1832 1904//1832 2014//1832 
f 2016//1832 1900//1832 1902//1832 
f 2016//1832 2017//1832 1898//1832 
f 1896//1832 2018//1832 2019//1832 
f 1890//1832 1892//1832 2020//1832 
f 2022//1832 1888//1832 1890//1832 
f 2022//1832 2023//1832 1886//1832 
f 2025//1832 1882//1832 1884//1832 
f 1878//1832 1880//1832 2026//1832 
f 2038//1832 1856//1832 1858//1832 
f 2038//1832 2039//1832 1854//1832 
f 1850//1832 1852//1832 2040//1832 
f 2041//1832 2042//1832 1848//1832 
f 1997//1832 1998//1832 1936//1832 
f 1998//1832 1999//1832 1934//1832 
f 2000//1832 1932//1832 1934//1832 
f 1928//1832 1930//1832 2001//1832 
f 1920//1832 2006//1832 2007//1832 
f 1906//1832 2013//1832 2014//1832 
f 1898//1832 1900//1832 2016//1832 
f 1894//1832 2019//1832 2020//1832 
f 1886//1832 1888//1832 2022//1832 
f 2023//1832 2024//1832 1884//1832 
f 1882//1832 2025//1832 2026//1832 
f 2027//1832 2028//1832 1876//1832 
f 2030//1832 1872//1832 1874//1832 
f 2030//1832 2031//1832 1870//1832 
f 2036//1832 1860//1832 1862//1832 
f 2036//1832 2037//1832 1858//1832 
f 1854//1832 1856//1832 2038//1832 
f 1848//1832 1850//1832 2041//1832 
f 2043//1832 1846//1832 1848//1832 
f 2043//1832 2044//1832 1844//1832 
f 1934//1832 1936//1832 1998//1832 
f 1932//1832 2000//1832 2001//1832 
f 1916//1832 2008//1832 2009//1832 
f 1898//1832 2017//1832 2018//1832 
f 1884//1832 1886//1832 2023//1832 
f 1876//1832 1878//1832 2027//1832 
f 2029//1832 1874//1832 1876//1832 
f 1870//1832 1872//1832 2030//1832 
f 2033//1832 1866//1832 1868//1832 
f 2033//1832 2034//1832 1864//1832 
f 2034//1832 2035//1832 1862//1832 
f 1858//1832 1860//1832 2036//1832 
f 1854//1832 2039//1832 2040//1832 
f 1844//1832 1846//1832 2043//1832 
f 1934//1832 1999//1832 2000//1832 
f 1902//1832 2015//1832 2016//1832 
f 1884//1832 2024//1832 2025//1832 
f 1874//1832 2029//1832 2030//1832 
f 2032//1832 1868//1832 1870//1832 
f 1864//1832 1866//1832 2033//1832 
f 1862//1832 2035//1832 2036//1832 
f 1848//1832 2042//1832 2043//1832 
f 2051//1832 1830//1832 1832//1832 
f 2051//1832 2052//1832 1828//1832 
f 1928//1832 2002//1832 2003//1832 
f 1876//1832 2028//1832 2029//1832 
f 1868//1832 2032//1832 2033//1832 
f 1858//1832 2037//1832 2038//1832 
f 2047//1832 1838//1832 1840//1832 
f 2048//1832 1836//1832 1838//1832 
f 2049//1832 1834//1832 1836//1832 
f 2049//1832 2050//1832 1832//1832 
f 1828//1832 1830//1832 2051//1832 
f 2052//1832 2053//1832 1826//1832 
f 2054//1832 1823//1832 1826//1832 
f 1997//1832 1824//1832 1823//1832 
f 1890//1832 2021//1832 2022//1832 
f 1862//1832 1864//1832 2034//1832 
f 2045//1832 1842//1832 1844//1832 
f 2045//1832 2046//1832 1840//1832 
f 1838//1832 2047//1832 2048//1832 
f 1832//1832 1834//1832 2049//1832 
f 1826//1832 1828//1832 2052//1832 
f 1823//1832 2054//1832 1997//1832 
f 1870//1832 2031//1832 2032//1832 
f 1840//1832 1842//1832 2045//1832 
f 1836//1832 2048//1832 2049//1832 
f 1826//1832 2053//1832 2054//1832 
f 1844//1832 2044//1832 2045//1832 
f 1832//1832 2050//1832 2051//1832 
f 1840//1832 2046//1832 2047//1832 
f 1936//1832 1824//1832 1997//1832 
